"Product Name",Description,"Image Link",Price,Rating,"Merchant Name"
"Asus ZenBook Duo UX482EA KA551TS Core i5-1135G7/8GB/512SSD/Win10/Blue","""- Processor: Intel¬Æ Core‚Ñ¢ i5-1135G7 Processor 2.4 GHz (8M Cache, up to 4.2 GHz, 4 cores)
- Up to 40% performance boost with AIPT*
- Pantone Validated display
- Memory: 8GB LPDDR4X on board
- Storage: 512GB M.2 NVMe‚Ñ¢ PCIe¬Æ 3.0 SSD
- Graphic: Intel¬Æ Iris Xe Graphics
- Display: 14.0-inch LED Backlit FHD (1920 x 1080) 16:9 400nits anti-glare IPS-level Pantone validated touch panel
- Operating System: Windows 10 Home ""","https://images.tokopedia.net/img/cache/500-square/VqbcmM/2021/12/24/0f1d4a72-74ea-4f65-8280-490cf0adf1dc.jpg.webp?ect=4g",1.9499E7,5.0,SOFTCOM
"Laptop HP elitebook 840 G3 - Corei5 gen 6 - RAM 8GB - hdd atau ssd - HDD 500GB","Laptop hp elitebook 840 G3
( slim dan elegan )

spek:
- proc intel corei5 6300u 2.40Ghz
- Ram 8GB DDR4L
- untuk HDD atau SSD bisa pilih di capacity 500GB / 640GB / SSD 128GB / SSD 256GB / SSD 512GB
- VGA intel HD 520
- Keybard Backlite ( keyboard nyala )
- wifi
- cam / webcam
- port USB 3.0
- Display port
- Port LAN
- Layar 14 inch Led WideScreen
- Windows 10 Pro 64Bit siap pakai

kelengkapan:
- laptop
- charger
- tas

kondisi barang:
+ 90% MULUS sisa nya bekas pemakaian
+ baterai normal ( 2 - 3 jam )
+ 100% Original Branded HP
+ Belum pernah di Service
+ Semua berfungsi normal
+ No error running windows

NB: Garansi personal 1bulan

*Jabodetabek bisa grab / gosend
*Untuk Jarak jauh bisa dikirim dengan packingan aman. (bubblewrap dan kardus).

ayo di order ..STOCK Terbatas..
Reseller..ecer..grosir..WELCOME..

Jangan ragu untuk bertanya atau order.

Terima kasih.

Wa: 085214918877","https://images.tokopedia.net/img/cache/500-square/VqbcmM/2021/8/1/d24f3e79-f81b-4a16-80e2-0b7ae0f9be3c.jpg.webp?ect=4g",4999000.0,5.0,RevoComp
"HP NoteBook 14s-CF2516TU Intel Celeron N4020 4GB 256GB W10 + OHS 2019 - Packing Biasa","- CPU : Intel¬Æ Celeron¬Æ N4020U Dual Core 1.10GHz Up To 2.80GHz
- GPU : Intel¬Æ UHD Graphics 610
- Display : 14"" diagonal, HD (1366 x 768), micro-edge, BrightView, 220 nits, 45% NTSC
- RAM : 4GB DDR4-2133 SDRAM (1 x 4 GB)
- Storage : 256GB PCIe¬Æ NVMe‚Ñ¢ SSD
- OS : Windows 10 Home
- Software : Office Home and Student 2019 included
- Keyboard : Full-size, Backlit natural silver keyboard
- Port
1 SuperSpeed USB Type-C
2 SuperSpeed USB Type-A
1 HDMI 1.4b
1 RJ-45
1 AC smart pin
1 headphone/microphone combo
Free Upgrade Windows 11","https://images.tokopedia.net/img/cache/500-square/VqbcmM/2021/11/29/a0f24d42-aec9-47ae-abbf-c663702f008c.jpg.webp?ect=4g",5850000.0,0.0,"3DD - HP Authorized"
"HP 245 G8 RYZEN3-3250U/4GB/256GBSSD/14.0/WIN10/office1tahun - NON OFFICE 1THN","NOTE :
- Harga dapat berubah sewaktu-waktu , tergantung dari pusat kami
- Mohon tanyakan stok terlebih dahulu sebelum order yah kak :)
- Cek kembali Deskripsi Productnya sebelum order

* HP 245 G8 RYZEN3-3250U/4GB/256GBSSD/14.0/WIN10
Promo
- Free ms office Aktif 1 tahun ( claim )
- Carrying Case ( Toploud )
- asuransi Pasarpolis 2 tahun
Rp . 7.399.000

* HP 245 G8 RYZEN3-3250U/4GB/256GBSSD/14.0/WIN10
Promo
- Free ms office Aktif 1 tahun ( claim )
- Carrying Case ( Toploud )
Rp .7.099.000

* HP 245 G8 RYZEN3-3250U/4GB/256GBSSD/14.0/WIN10
Promo
- Carrying Case ( Toploud )
Rp .6.899.000

Spesifikasi | HP 245 G8 RYZEN3

Processor : AMD Ryzen‚Ñ¢ 3 3250U
Operating system :Windows 10 Home Single Language
Display : 14"" diagonal HD (1366 x 768)
Ram : 4 GB DDR4
Storage : 256GB SSD
Graphics : AMD Radeon‚Ñ¢ Graphics
keyboard : NO BACKLIT
Warranty : 1 year limited parts and labour ( Garansi Resmi HP Indonesia)
___________________________________________________________________________
Paket Penjualan
‚Ä¢ 1 x Laptop
‚Ä¢ 1 x Adaptor
‚Ä¢ 1 x Buku Panduan

***************
PENGIRIMAN :
- GRAB/GOJEK - BUBBLE + ASURANSI SAJA
- JNE/ JNT/ SICEPAT DOUBLE BUBBLE + ASURANSI SAJA

#UNTUK PACKING KAYU TAMBAH LINK BARU / CHAT PENJUAL **********************************************
Cek Service Centre Resmi HP indonesia Terdekat di kota anda : https://support.hp.com/id-en/service-center

berikut cara claim free microsoft office 1 tahunnya : https://www.itgaleri.com/klaim-microsoft-office-365/","https://images.tokopedia.net/img/cache/500-square/VqbcmM/2021/11/22/7c3b2b25-7d39-470c-a52c-84cf1c5f7abf.jpg.webp?ect=4g",6899000.0,5.0,"IT Galeri - HP Authorized"
"Laptop Lenovo Thinkpad X260 Core i5 Gen6 -8GB -SSD 256GB - 12 Inch","Lenovo ThinkPad X260

Processor Intel Core i5-6300U 2.4 GHz
Memory DDR4 8gb
Hardisk SSD 256gb
Layar 12 Inch

WIFI / WEBCAM / BLUETOOH
Port LAN, HDMI, USB, MMC, MIC/SPEAKER

Kelengkapan : 1 Lenovo Thinkpad X260 + charger
kondisi : SECOND 90% mulus..non minus

Garansi 1 Bulan

Silakan bertanya atau Di ORDER LANGSUNG (READY)","https://images.tokopedia.net/img/cache/500-square/VqbcmM/2021/12/2/e2f2c111-b062-4fed-98a8-f57e5a88619d.jpg.webp?ect=4g",4300000.0,5.0,HBComputer
"Acer Aspire 3 Slim A314-22 AMD RYZEN 3-3250U 4GB 256GB 14"" FHD W10 OHS - HD (1366x768)","ACER ASPIRE 3 A314-22-R3RG (BLACK) HD 1366x768

ACER ASPIRE 3 A314-22-R890 (BLACK) FHD 1920x1080

- Processor : AMD Ryzen‚Ñ¢ 3-3250U (1MB L2 Cache, 4MB L3 Cache, 2.6GHz up to 3.5GHz)
- Graphics : AMD Radeon Graphics
- Display Screen : 14 inch HD (1366X768) / 14 inch FHD (1920X1080) Acer ComfyView
- Main Memory : 4GB DDR4 Onboard
- Storage : 256GB PCIe NVMe M.2 SSD
- Web Camera : Acer webcam 640 x 480 resolution
- Audio Jack : 1 x 3.5mm headphone/speaker jack
- Network : 10/100/1000 LAN
- Wireless : Wireless 802.11ac
- Bluetooth : Bluetooth 4.2

- Port :
2 x USB 3.2 Gen 1 ports
1 x USB 2.0 Port
1 x HDMI port with HDCP support

- Battery : 2-cell
- OS : Windows 11 Home (64-bit)

FREE OFFICE HOME AND STUDENT 2021

GARANSI RESMI ACER INDONESIA 3 TAHUN","https://images.tokopedia.net/img/cache/500-square/VqbcmM/2021/11/10/8feb4ee0-1fb1-49fc-876e-71a0bbda732f.jpg.webp?ect=4g",6749000.0,4.9,"Collins Official"
"ACER ASPIRE 3 A314-35 N5100 Quad Core 4GB 256GB Intel UHD 14"" W10 OHS - 14"" HD","ACER ASPIRE 3 A314-35-C8QL (HD 1366x768) Pure Silver

- Processor : Intel¬Æ Celeron¬Æ Quad Core N5100 1.10 GHz Up To 2.80 GHz 4 MB L3 Cache
- Display : LED 14"" HD 1366x768
- Graphics : Intel¬Æ UHD Graphics
- Memory : 4 GB DDR4
- Storage : 256 GB PCIe Gen3, 8 Gb/s, NVMe
- Network : WiFi IEEE 802.11a/b/g/n/ac, Gigabit Ethernet, Bluetooth 5.0
- Operating System : Windows 10 Home
- Web Camera : Acer webcam 640 x 480 resolution
- Speaker : Two built-in stereo speakers

- Interfaces/Ports :
HDMI 1
Number of USB 2.0 Ports 1
Number of USB 3.2 Gen 1 Type-A Ports 2
Network (RJ-45) 1
Battery : 2-cell Lithium Ion (Li-Ion)

Free Office Home and Student 2019

GARANSI RESMI ACER INDONESIA 3 TAHUN","https://images.tokopedia.net/img/cache/500-square/VqbcmM/2021/9/24/f107b34e-a8bd-433c-8795-24d49fb181c9.jpg.webp?ect=4g",5299000.0,5.0,"Collins Official"
"ASUS BR1100CKA-GJ0410T (N4500/4GB/EMMC 128GB/11.6 /2CAM/NO TS/W10)","NEW TIPE : BR1100CKA-GJ0411T

Processor : N4500
Memory : 4 GB
STORAGE : SSD 128 EMMC
Display : 11.6""
OS : Win10

SINGLE CAM
NON TOUCHSCREEN
GREY","https://images.tokopedia.net/img/cache/500-square/VqbcmM/2021/6/18/257e81dc-9b08-4751-a438-12141383d133.jpg.webp?ect=4g",4595000.0,5.0,"Macro OneStop Official"
"ASUS L510MA N4020 4gb 128ssd w10+off365 1yr w10 15.6FHD - 128 gb","MOHON CHAT TERLEBIH DAHULU UNTUK MEMASTIKAN KETERSEDIAAN STOCK ^^

Deskripsi :
ASUS L410MA N4020 4GB 128GB W10+OFF365 1YR 14.0FHD BLIT
ASUS L510MA N4020 4GB 128SSD W10+OFF365 1YR 15.6FHD NPAD BLIT
ASUS L510MA N4020 4GB 256GB W10+OFF365 1YR 15.6FHD NPAD BLIT (256GB eMMc sudah terpartisi Disk C 128GB eMMc untuk performa + Disk D 128GB Micros SD untuk Penyimpanan)

Bundling Paket D (unit laptop sudah include dengan screen protector , laminasi body atas + clean kit)

SPESIFIKASI
‚Ä¢ Processor: Intel Celeron N4020
‚Ä¢ RAM : 4GB
‚Ä¢ Storage: 128GB / 256GB eMMC
‚Ä¢ Graphics: Intel HD Graphics
‚Ä¢ Display: 15.6FHD
‚Ä¢ OS: Windows 10

Kelengkapan :
- Unit Laptop
- Charger
- Kartu Garansi
- Box / Dus Laptop
- TAS


‚úÖ GARANSI DISTRIBUTOR 1 TAHUN
‚úÖ Garansi Toko 3 Hari (Rusak Ganti unit baru) apabila ada kerusakan yg diakibatkan cacat pabrik","https://images.tokopedia.net/img/cache/500-square/VqbcmM/2021/12/3/96992adc-899e-42b3-a3cd-b9da8d61d6b8.jpg.webp?ect=4g",4999000.0,4.8,"ALIENWARE OFFICIAL ID"
"Lenovo Ideapad Slim 3 15 Ryzen 5 5500 8GB 256ssd Vega7 W10 15.6FHD - LAPTOP","INFO LANJUT TENTANG VARIAN, HARAP DI BACA TERLEBIH DAHULU SEBELUM ORDER :

- VARIAN LAPTOP = Lenovo Ideapad Slim 3 15 Ryzen 5 5500 8GB 256ssd Vega7 W11 15.6FHD (BERWARNA BLUE)

- VARIAN PAKET ANTIGORES = Lenovo Ideapad Slim 3 15 Ryzen 5 5500 8GB 256ssd Vega7 W11 15.6FHD (BERWARNA BLUE) + PAKET ANTIGORES

- VARIAN GOLD = Lenovo Ideapad Slim 3 15 Ryzen 5 5500 8GB 256ssd Vega7 W11 15.6FHD (BERWARNA GOLD)

- VARIAN 512SSD 14INC = LENOVO IDEAPAD SLIM 3 14 RYZEN 5 5500 8GB 512SSD VEGA7 W11 14.0FHD
(DENGAN STORAGE 512SSD DAN LAYAR 14INC & BERWARNA GREY)

- VARIAN 256SSD 14INC = LENOVO IDEAPAD SLIM 3 14 RYZEN 5 5500 8GB 256SSD VEGA7 W10 14.0FHD BLU


NOTE: SEMUA SUDAH WINDOWS 11 !

DETAIL SPESIFIKASI :
‚Ä¢ Operating system: Windows 11
‚Ä¢ Processor: AMD Ryzen 5 5500U Hexa Core Processor
‚Ä¢ Display: 15.6"" FHD Display
‚Ä¢ Memory: 8GB DDR4 (4GB OnBoard + 4 GB DIMM)
‚Ä¢ Internal storage: 256GB SSD
‚Ä¢ Graphics: Integrated AMD Radeon 7 Graphics
‚Ä¢ Optical Drive: None
‚Ä¢ Battery Life: Up to 12 Hours
‚Ä¢ Audio: 2 x 1.5W Speakers with Dolby Audio
‚Ä¢ Wireless: 2 x 2 802.11AC Wi-Fi and Bluetooth 5.0 Combo
‚Ä¢ Webcam: 720P Camera with Privacy Shutter and Dual Array
---------------------------------------
Tanyakan ketersediaan stok terlebih dahulu

GARANSI DISTIRBUTOR 1 TAHUN","https://images.tokopedia.net/img/cache/500-square/VqbcmM/2021/11/29/8aa5c0a8-c7a0-4d22-8b30-8e5e77d78da8.jpg.webp?ect=4g",8649000.0,4.9,ProStoreComputer
"Lenovo IdeaPad 3 14IGL05 Celeron N4020 4GB 256GB SSD Win10+OHS - Business Black","Accesories
https://www.tokopedia.com/lenovo-official/lenovo-530-wireless-mouse
IdeaPad 3 14IGL05
Processor Intel Celeron N4020 (2C / 2T, 1.1 / 2.8GHz, 4MB)
Graphics Integrated Intel UHD Graphics 600
Chipset Intel SoC Platform
Memory 4GB Soldered DDR4-2400
Memory Slots Memory soldered to systemboard, no slots
Max Memory 4GB soldered memory, not upgradable
Storage 256GB SSD M.2 2242 PCIe 3.0x2 NVMe
Card Reader 4-in-1 Card Reader
Optical None
Audio Chip High Definition (HD) Audio
Speakers Stereo speakers, 1.5W x2, Dolby Audio
Camera 720p with Privacy Shutter
Microphone 2x, Array
Battery Integrated 35Wh
Max Battery Life MobileMark 2014: 14 hr
Power Adapter 45W Round Tip Wall-mount
DESIGN
Display 14"" FHD (1920x1080) TN 220nits Anti-glare
Touchscreen None
Keyboard Non-backlit, English
Case Color Business Black / Abbys Blue
Surface Treatment Texture
Case Material PC + ABS (Top), PC + ABS (Bottom)
Dimensions (WxDxH) 327.1 x 241 x 19.9 mm (12.88 x 9.49 x 0.78 inches)
Weight 1.5 kg (3.3 lbs)
SOFTWARE
Operating System Windows 10 Home 64, English
Bundled Software Office Home and Student 2019
CONNECTIVITY
Ethernet None
WLAN + Bluetooth 11ac, 2x2 + BT5.0
Standard Ports ""1x card reader
1x HDMI 1.4b
1x USB 2.0
1x power connector
1x headphone / microphone combo jack (3.5mm)
2x USB 3.2 Gen 1""
SECURITY & PRIVACY
Security Chip Firmware TPM 2.0
Fingerprint Reader None
Other Security Camera privacy shutter
MANAGEABILITY None
SERVICE
Base Warranty 1-year, Depot
Included Upgrade 2Y Depot/CCI -IPENTRY (ESS) (5WS0X58198)
ACCESSORIES None
CERTIFICATIONS
Green Certifications ""ErP Lot 3
RoHS compliant
ENERGY STAR 8.0""","https://images.tokopedia.net/img/cache/500-square/VqbcmM/2021/8/25/d0a437cd-27cf-45c8-9bdc-7b0a28b89b97.jpg.webp?ect=4g",5899000.0,5.0,"Lenovo Official"
"ASUS E410MA N4020 4GB 128ssd W10 14.0 - BLACK","Asus E410MA N4020 4GB 128GB W10 14.0 Blue

- Processor : Intel¬Æ Celeron¬Æ N4020
- Operating System : Windows 10 Home
- Memory : 4GB DDR4 on board
- Intergrated GPU : Intel¬Æ UHD Graphics 600
- Storage : 128 GB
- Display 14.0

GARANSI :
- Garansi 1th distributor
- Garansi Toko 3 Hari (Rusak Ganti unit baru) apabila ada kerusakan yg diakibatkan cacat pabrik
- Barang 100% Baru dan Bergaransi

Lindungi laptop baru dengan :



jadikan satu transaksi ya gan.","https://images.tokopedia.net/img/cache/500-square/VqbcmM/2021/8/25/94defaf4-4872-4b07-9083-20b92263a5d9.png.webp?ect=4g",4999000.0,4.8,royalltech
"LAPTOP ASUS VIVOBOOK A416JA I3-1005G1 4GB 512GB 14"" W10 KB BACKLIT OHS - 14"" FHD IPS","A416JAO-FHD352 (SLATE GREY) 14"" FHD

A416JAO-VIPS353+ (TRANSPARENT SILVER) 14"" FHD IPS
A416JAO-VIPS354+ (SLATE GREY) 14"" FHD IPS
Speksifikasi:

- Processor : Intel¬Æ Core‚Ñ¢ i3-1005G1 processor 1.2GHz with Turbo Boost (up to 3.4GHz) and 4MB cache
- Memory : 4 GB LPDDR4 Onboard Memory, 1 x SO-DIMM socket
- Storage : 512GB M.2 NVMe‚Ñ¢ PCIe¬Æ SSD
- Graphics : Intel UHD Graphics
- Display : 14"" FHD (16:9) 1920x1080 / 14"" FHD (16:9) 1920x1080 IPS LED backlit Doff with 45% NTSC (On selected models)
- Optical Drive : NO
- Camera : HD Webcam
- Audio : ASUS SonicMaster stereo audio system with surround-sound
- Networking : Integrated 802.11 AC (2x2) Built-in Bluetooth V4.2
- KEYBOARD BACKLIT

- Slots/Interface :
1x Combo audio jack
1x Type-C USB 3.1 Gen 1
1x Type-A USB 3.1 Gen 1
2x USB 2.0
1 x HDMI

- Battery : 3 cells battery 42Whrs
- Dimension : 327 x 224.75 x 17.6 mm (WxDxH) (w/ 3cell battery)
- Weight : 1.4 kg with Battery
- Bonus : Bag ASUS
- Operating System : Windows 10 Home

Free Office Home and Student 2019

GARANSI RESMI ASUS INDONESIA 2 TAHUN","https://images.tokopedia.net/img/cache/500-square/VqbcmM/2021/5/28/74aebd7c-f73a-4a79-8fe4-9c1e1b302b63.jpg.webp?ect=4g",8099000.0,5.0,"Collins Official"
"Lenovo Ideapad Slim 1 11 N4020 4GB 256ssd W10 OHS 11.6 05ID Gray - GRAY","INI VERSI NON OHS !!! JUDUL SALAH.

Lenovo Ideapad Slim 1 11 N4020 4GB 256ssd W10 11.6 1Yr GRY -05ID

Display : 11.6 HD
Processor : N4020
Memory : 4GB
Hard Drive : 256GB SSD M.2 2242 PCIe
Graphics : -
Operating System : Windows 10 Home

GARANSI :
- Garansi RESMI INDONESIA 1 TAHUN
- Garansi Toko 3 Hari (Rusak Ganti unit baru) apabila ada kerusakan yg diakibatkan cacat pabrik
- Barang 100% Baru dan Original

TERSEDIA PROMO ANTIVIRUS & PROMO MENARIK PAKET ANTI GORES
FREE BIAYA PEMASANGAN & INSTALASI
DENGAN CARA KLIK LINK DIBAWAH. MASUKAN KEDALAM KERANJANG BELANJA - LALU CEK OUT MENJADI 1 TRANSAKSI

untuk perawatan body laptop baru


untuk menjaga laptop baru dari serangan virus berbahaya","https://images.tokopedia.net/img/cache/500-square/VqbcmM/2021/10/10/ddd64d96-9fe0-4e6f-a9fb-3f72f486a3cf.png.webp?ect=4g",4779000.0,4.9,royalltech
"HP Pavilion Aero 13 be0000AU Ryzen 5 5600U 16GB 512ssd 13.3 WUXGA OHS - silver","BERGARANSI RESMI HP 2 TAHUN
FREE OFFICE HOME DAN STUDENT 2019 ORIGINAL PERMANENT

HP Pavilion Aero 13 be0000AU SLV
HP Pavilion Aero 13 be0001AU GLD

Spesifikasi :
processor AMD Ryzen‚Ñ¢ 5 5600U
Memory, standard 16GB DDR4 (onboard)
Video graphics AMD Radeon‚Ñ¢ Graphics
Hard drive 512GB PCIe¬Æ NVMe‚Ñ¢ M.2 SSD
Display : 13.3"" diagonal, WUXGA (1920 x 1200), IPS, micro-edge, anti-glare, 400 nits, 100% sRGB
Wireless connectivity Realtek Wi-Fi CERTIFIED 6‚Ñ¢ (2x2) and Bluetooth¬Æ 5.2 combo (Supporting Gigabit data rate)
Operating system Windows 10 Home
Minimum dimensions (W x D x H) 29.7 x 20.9 x 1.69 cm
Weight 1 kg
Power supply type 65 W Smart AC power adapter
Battery type 3-cell, 43 Wh Li-ion polymer
Battery life mixed usage Up to 10 hours
Video Playback Battery life Up to 9 hours and 45 minutes
Webcam HP Wide Vision 720p HD camera with integrated dual array digital microphones
Audio features Audio by B&O; Dual speakers; HP Audio Boost
External ports
1 SuperSpeed USB Type-C¬Æ 10Gbps signaling rate (USB Power Delivery, DisplayPort‚Ñ¢ 1.4, HP Sleep and Charge); 2 SuperSpeed USB Type-A 5Gbps signaling rate; 1 HDMI 2.0; 1 AC smart pin; 1 headphone/microphone combo","https://images.tokopedia.net/img/cache/500-square/VqbcmM/2021/11/5/29b14fef-bd0b-4b0a-bc84-72e7785ebe5d.jpg.webp?ect=4g",1.2399E7,4.9,"Top Tech"
"Lenovo IdeaPad Slim 3 Celeron N4020 256GB SSD 4GB Win10+OHS - Business Black","GARANSI RESMI LENOVO INDONESIA 2 TAHUN


IdeaPad 3 14IGL05

81WH0049ID - black
81WH0046ID- blue
81WH0047ID - Platinum Grey


Processor Intel Celeron N4020 (2C / 2T, 1.1 / 2.8GHz, 4MB)
Graphics Integrated Intel UHD Graphics 600
Chipset Intel SoC Platform
Memory 4GB Soldered DDR4-2400
Memory Slots Memory soldered to systemboard, no slots
Max Memory 4GB soldered memory, not upgradable
Storage 256GB SSD M.2 2242 PCIe 3.0x2 NVMe
Storage Support ""Up to 2 drives, 1x 2.5"""" HDD + 1x M.2 2242/2280 SSD
‚Ä¢ 2.5"""" HDD up to 1TB
‚Ä¢ M.2 2242 SSD up to 512GB
‚Ä¢ M.2 2280 SSD up to 512GB""
Card Reader 4-in-1 Card Reader
Optical None
Audio Chip High Definition (HD) Audio
Speakers Stereo speakers, 1.5W x2, Dolby Audio
Camera 0.3MP with Privacy Shutter
Microphone 2x, Array
Battery Integrated 35Wh
Max Battery Life MobileMark 2014: 14 hr
Power Adapter 45W Round Tip Wall-mount
DESIGN
Display 14"" FHD TN 220nits Anti-glare
Touchscreen None
Keyboard Non-backlit, English
Case Color Business Black/Platinum Grey/Cherry Red/Abbys Blue
Surface Treatment Texture
Case Material PC + ABS (Top), PC + ABS (Bottom)
Dimensions (WxDxH) 327.1 x 241 x 19.9 mm (12.88 x 9.49 x 0.78 inches)
Weight 1.5 kg (3.3 lbs)
SOFTWARE
Operating System Windows 10 Home 64, English
Bundled Software Office Home and Student 2019
CONNECTIVITY
Ethernet None
WLAN + Bluetooth 11ac, 2x2 + BT5.0
Standard Ports ""1x power connector
1x card reader
1x HDMI 1.4b
1x headphone / microphone combo jack (3.5mm)
1x USB 2.0
2x USB 3.2 Gen 1""
SECURITY & PRIVACY
Security Chip Firmware TPM 2.0
Fingerprint Reader None
Other Security Camera privacy shutter
MANAGEABILITY None
SERVICE
Base Warranty 1-year, Depot
Included Upgrade 2Y Depot/CCI -IPENTRY (ESS) (5WS0X58198)
ACCESSORIES None
CERTIFICATIONS
Green Certifications ""ENERGY STAR 8.0
ErP Lot 3
RoHS compliant""","https://images.tokopedia.net/img/cache/500-square/VqbcmM/2021/9/14/be8f5bae-3f79-4855-8e90-9973c0d8bb5f.jpg.webp?ect=4g",5799000.0,5.0,"Lenovo Authorized Tangerang"
"ASUS L510MA N4020 4GB WIN-10+365 PERSONAL 15.6-FHD ULTRA THIN LAPTOP - 128GB","ASUS L510MA N4020 4GB WINDOWS 10+365 PERSONAL 15.6-FHD BACKLIGHT

NON FINGER !!

Intel Celeron N4020 Processor (4M Cache, up to 2.8 GHz)
15.6‚Äù FHD (1920x1080) Display
128GB eMMC Flash Storage
4GB DDR4 RAM
Windows 10 Home in S mode + Microsoft 365 Personal 1-year included
Slim and Portable: 0.72‚Äù thin and weighs only 3.59 lbs
USB 3.2 Type-C (Gen1), USB 3.2 Type-A (Gen1), HDMI, MicroSD connectivity
Wi-Fi 5 (802.11ac) for speeds up to three times faster than 802.11n
Windows 10 Home in S mode is a 100% app based version of Windows

Kelengkapan :
- Unit Laptop
- Charger
- Kartu Garansi
- Box / Dus Laptop
- TAS

*GARANSI DISTRIBUTOR 1 TAHUN
*Garansi toko 3 hari
*Tidak termasuk kesalahan sendiri","https://images.tokopedia.net/img/cache/500-square/VqbcmM/2021/12/30/b5ee566a-0cad-42c4-aa92-a590cc97a81e.png.webp?ect=4g",5015000.0,4.9,EnVicStore
"Notebook Lenovo D330 N4000 4GB 128GB FHD win10 2 in 1 - 8GB 128GB","TIPE YANG AKAN MASUK, LEBIH BAGUS DARI SPEK DI JUDUL

Lenovo Ideapad D330 2in1 TOUCH N4020 8GB 128GB/256GB W10Pro 10.1 GRY

Garansi Resmi Lenovo Indonesia

Spesifikasi:
- Touchscreen dan HD
- RAM 8GB GEDE bro, HDD 128GB/256GB ( Terbagi Dari emmc + MicroSD )
- 100% Brand New
- Laptop dan tablet, support multiple mode, liat video nya aja
- Desain simpel dan menawan
- Ringan tablet 549gr, docking keyboard 512gr
- Sudah terinstall Windows 10 Home original, siap pakai
- Wifi, Bluetooth
- USB Port
- Menggunakan Processor Intel N4020 Processor, kencengg
- Graphics : Integrated Intel HD Graphics 400
- Ukuran Screen : 10.1 Inch LED IPS HD
- Ringan, tabletnya hanya 580gr, docking 500gr
- Sangat mobile, cocok kl buat ke kampus bahkan presentasi
- pastinya Garansi Resmi 1 tahun dari Lenovo Indonesia, yang bisa diakses di service center resmi Lenovo di seluruh Indonesia
- Warna Silver

GARANSI :
- Garansi Resmi 1 tahun dari Lenovo Indonesia, yang bisa diakses di service center resmi Lenovo di seluruh Indonesia
- Garansi Toko 3 Hari (Rusak Ganti unit baru) apabila ada kerusakan yg diakibatkan cacat pabrik
- Barang 100% Baru dan Original","https://images.tokopedia.net/img/cache/500-square/VqbcmM/2021/8/7/a7fdc9e9-75f9-40b7-bc83-208b6f1a6c37.jpg.webp?ect=4g",4799000.0,4.9,"Top Tech"
"ASUS ZENBOOK UX425EA - I5-1135G7 8GB 512GB 14"" FHD IPS NUMPAD OHS W10","ASUS UX425EA-IPS551 (PINE GREY)

- Processor Onboard : Intel¬Æ Core‚Ñ¢ i5-1135G7 Processor 2.4 GHz (8M Cache, up to 4.2 GHz, 4 cores)
- Memori Standar : 8GB LPDDR4X on board
- Storage : 512GB M.2 NVMe‚Ñ¢ PCIe¬Æ 3.0 SSD
- Tipe Grafis : Intel¬Æ Iris¬Æ Xe Graphics
- Ukuran Layar : 14"" Full HD (1920 x 1080), IPS 16:9 aspect, anti-glare screen, 300nits brightness display, Four-sided frameless NanoEdge design with 90% screen-to-body ratio
- Color gamut sRGB: 100%
- Keyboard : Edge-to-edge design, full-size backlit, with 1.4mm key travel
- Touchpad : Glass-covered; intelligent palm-rejection
Precision Touchpad (PTP) technology supports up to four-finger smart gestures
Please note that all versions of NumberPad only work with the Microsoft Windows operating system

- Audio :
ASUS SonicMaster stereo audio system with surround-sound; smart amplifier for maximum audio performance
Array microphone with Cortana and Alexa voice-recognition support
Certified by Harman Kardon

- Kamera : 3D IR HD camera with Windows Hello support
- Wireless Network : Intel Wi-Fi 6(Gig+) (802.11ax)
- Bluetooth : Bluetooth 5.0 (Dual band) 2*2

- Interfaces :
1x HDMI 2.0b//
1x USB 3.2 Gen 1 Type-A
2x Thunderbolt‚Ñ¢ 4 supports display / power delivery//Micro SD card reader

- Sistem Operasi : Windows 10 Home
- Baterai : Up to 22 hours battery life3 With 67Wh 4-cell lithium-polymer battery

-Built-in Apps
System Diagnosis (All models)
Battery Health Charging (All models)
Fan mode
Splendid (All models)
Tru2Life (Intel Platform models)
Keyboard hotkeys (All models)
WiFi roaming optimization (All models)
AppDeals (All models)
Link to MyASUS (All models, Bluetooth needed)

- Dimensi: 1.39cm x 31.9cm x 20.8cm
- Berat : 1,2Kg

FREE OFFICE HOME AND STUDENT 2019 ORIGINAL

GARANSI RESMI ASUS INDONESIA 2 TAHUN","https://images.tokopedia.net/img/cache/500-square/VqbcmM/2020/12/10/2b230c24-3af1-44e7-99f9-b9dfcb11e114.jpg.webp?ect=4g",1.4099E7,4.9,"Collins Official"
"ACER ASPIRE 5 A515-45 AMD RYZEN 5-5500U 8GB 512GB 15.6"" OHS W10 RESMI - RAM 8GB","ACER ASPIRE 5 A515-44-R5XD (BLACK) (SOLDOUT)
ACER ASPIRE 5 A515-45-R3TY (SILVER) (READY)

FREE OFFICE HOME & STUDENT 2021 ORIGINAL PERMANEN

Spesifikasi :
- Processor : AMD Ryzen‚Ñ¢ 5 5 5500U Mobile Processor (6C / 6T, 2.3 / 4.0GHz, 3MB L2 / 8MB L3)
- RAM : 8GB DDR4 / 16GB DDR4
- SSD : 512GB PCI-e NVME
- Graphics : AMD Radeon Graphics
- Display: 15.6"" FHD IPS (1920x1080) Acer ComfyView
- Optical Drive Type : No-DVDrom
- Netwrok & Communication : 10/100/1000 LAN, Acer InviLink‚Ñ¢ Nplify‚Ñ¢ 802.11ac wireless LAN featuring MIMO Technology,
- Bluetooth¬Æ 4.2
- Audio : Two built-in stereo speakers
- Port :
2 x USB 3.2 Gen 1 ports
1 x USB 2.0 Port
1 x HDMI port with HDCP support
- Operating System : Windows 11 Home 64bit & Office Home & Student 2021 Original Permanen
- Garansi Resmi ACER Indonesia 3 Tahun (2TAHUN FULL PART & 1TAHUN SERVICE)

Silahkan Cek Tersedia Juga Mouse Dan Sofware Kelengkapan Untuk Laptop Agan Dan Sis
1. Laminating Laptop
2. Aksesoris (Mouse / RAM / SSD / Headset)
3. Sofware Office Home Student","https://images.tokopedia.net/img/cache/500-square/VqbcmM/2021/11/3/3f0b0d54-8589-4c36-b536-14e306e46877.jpg.webp?ect=4g",9999000.0,4.9,"Protech Computer"
"Apple Macbook Pro 2020 M1 8GB 256GB SSD MYD82 MYDA2 Gray Silver Resmi - Inter JAPAN, Silver","READY STOCK GENERASI TERBARU !!!
M1 PRO CHIP
https://tokopedia.com/studioponsel/apple-macbook-pro-2021-m1-pro-14-ram-16gb-512gb-1tb-resmi-not-m1x

M1 MAX
https://tokopedia.com/studioponsel/apple-macbook-pro-16-m1x-2021-ram-32gb-16gb-1tb-512gb-m1-max-resmi

Aksesoris Pendukung :
- Type C to HDMI Converter 5 In 1 PX UCH15

- Flashdisk Software:

- Magic Mouse :



Selamat Datang di STUDIO PONSEL
+ Jaminan Prioritas Layanan
+ Lebih Aman
+ Lebih Murah karena FREE ASURANSI PENGIRIMAN
+ FREE Ongkir Se- Indonesia
+ FREE Tempered Glass ( selama persediaan masih ada )
++++CASHBACK HINGGA 400RB

FREE SOFTWARE MICROSOFT OFFICE LENGKAP TERAKTIFASI*
Wajib Tulis *INSTAL OFFICE* Di Catatan
( Original Versi Crack ; UNIT AKAN DI INBOXING DAHULU )

Tersedia Varian :
RESMI INDO, Garansi resmi indonesia, bisa klaim seluruh ibox indonesia
RESMI INTER, Garansi resmi internasional, bisa klaim diindo slain ibox, bantu klaim lewat seller free

Kapasitas SSD :, 256GB
RAM : 8GB
Warna : Space Grey , Silver

#PRODUK#
* Barang BNIB ( Brand New In Box ) NEW ORIGINAL DAN SEGEL
* Garansi 1 Tahun All Product [ Garansi kita bantu claim ]
* Garansi Personal 7x24 Jam [ *WAJIB ADA VIDEO UNBOXING* ]

#STUDIO PONSEL#
- Official Store Tokopedia
- Cashback up to 300rb
- Free Ongkir up to 30rb
- Good Service, Great After Sales
* Next Order : Diskon Harga
* Pembelian Qty : Harga Khusus

#SPEC
- Apple M1 chip with 8-core CPU and 8-core GPU
- 16-core Neural Engine
- 8GB unified memory
- 512GB / 256GB SSD storage
- 13-inch Retina display with True Tone
- Backlit Magic Keyboard - US English
- Touch Bar and Touch ID","https://images.tokopedia.net/img/cache/500-square/VqbcmM/2021/5/22/6056173b-9ccd-4337-8b61-f4c16802b5e4.jpg.webp?ect=4g",1.765E7,4.9,"Studio Ponsel"
"Apple Macbook Air 2020 M1 Chip 13 inch 512GB Grey Silver Gold 256GB - Inter JAPAN, 256GB Silver","Aksesoris Pendukung :
- Type C to HDMI Converter 5 In 1 PX UCH15
https://www.tokopedia.com/studioponsel/usb-hub-type-c-to-hdmi-converter-adapter-for-hp-laptop-5-in-1-px-uch15
- Flashdisk Software:
https://www.tokopedia.com/studioponsel/paket-instalasi-software-windows-lengkap-khusus-user-studio-ponsel-flashdisk-32gb
- Magic Mouse :



Setiap pembelian unit di ""STUDIO PONSEL"" Official Store
CASHBACK HINGGA 300RB
GRATIS ONGKIR DAN ASURANSI PENGIRIMAN

Packing BUBBLE EXTRA
-

FREE SOFTWARE MICROSOFT OFFICE LENGKAP TERAKTIFASI*
Wajib Tulis *INSTAL OFFICE* Di Catatan
( Original Versi Crack ; UNIT AKAN DI INBOXING DAHULU )

Tersedia Varian :
RESMI INDO, Garansi resmi indonesia, bisa klaim seluruh ibox indonesia
RESMI INTER, Garansi resmi internasional, bisa klaim diindo, bantu klaim lewat seller free
INTER JAPAN , Garansi Apple JAPAN , keyboard lay out japan

Tersedia Kapasitas dan warna
256GB Grey
256GB Silver
256GB Gold
512GB Grey
512GB Silver
512GB Gold

Type Lainya
MacBook Air 2020 intel :
MacBook Air 2020 M1 :
MacBook Air 2017 intel :

#Produk
- Garansi Apple Internasional 1 Tahun
- Unit Segel
- Unit Baru , Original Apple
- Serial Number bisa di cek di web apple

#STUDIO PONSEL#
- Official Store Tokopedia ( Toko terpercaya, berkerjasama dengan tokopedia)
-
- Cashback up to 300rb
- Free Ongkir up to 30rb
- Good Service, Great After Sales
* Next Order : Diskon Harga
* Pembelian Qty : Harga Khusus
* Menerima Pengadaan PT atau KANTOR

SPESIFIKASI :
Apple M1 chip with 8core CPU, 7core GPU,
8GB unified memory
512GB SSD storage
Retina display with True Tone
Magic Keyboard
Touch ID
Force Touch trackpad","https://images.tokopedia.net/img/cache/500-square/VqbcmM/2021/9/2/3867f0e1-96bd-4a7a-9a0f-709ca7d1e5f4.jpg.webp?ect=4g",1.435E7,4.9,"Studio Ponsel"
"Laptop HP 14s-CF2517TU/CF2518TU i3-10110U 256GB SSD 4GB WIN10+OHS - Silver","Laptop HP 14s-CF2517TU/CF2518TU i3-10110U 256GB SSD 4GB WIN10+OHS

HP 14s-CF2517TU - Silver
HP 14s-CF2518TU - Gold

Intel¬Æ Core‚Ñ¢ i3-10110U (2.1 GHz base frequency, up to 4.1 GHz with Intel¬Æ Turbo Boost Technology, 4 MB L3 cache, 2 cores)
4 GB DDR4-2666 SDRAM (1 x 4 GB)
256 GB-SSD
INTEL UHD GRAPHICS
14‚Ä≥ diagonal, HD (1366 x 768), micro-edge, BrightView, 220 nits, 45% NTSC
1 HDMI 1.4; 1 headphone/microphone combo; 1 RJ-45; 1 AC smart pin; 2 USB 3.1 Gen 1 Type-A (Data Transfer Only); 1 USB 3.1 Gen 1 Type-C‚Ñ¢ (Data Transfer Only, 5 Gb/s signaling rate)
Dual speakers
HP TrueVision HD Camera with integrated digital microphone
Touchpad with multi-touch gesture support; Precision Touchpad Support
Full-size island-style natural silver backlit keyboard
Integrated 10/100/1000 GbE LAN
Realtek RTL8723DE 802.11b/g/n (1x1) Wi-Fi¬Æ and Bluetooth¬Æ 4.2 combo
45 W Smart AC power adapter
3-cell, 41 Wh Li-ion
32.4 x 22.59 x 1.99 cm
Berat: Starting at 1.47 kg","https://images.tokopedia.net/img/cache/500-square/VqbcmM/2021/12/22/0d2a105f-ed99-45e4-af38-ef6dbbcf6e76.jpg.webp?ect=4g",7199000.0,5.0,"Sinarmulia Sukses Makmur"
"ASUS VIVOBOOK X441MA-GA031T (N4020/4GB/1TB/IntelHD/14""/W10) - Black","Deskripsi ASUS VIVOBOOK X441MA-GA031T (N4020/4GB/1TB/IntelHD/14""/W10) - Black
Processor : N4020
Graphics : Intel HD
Memory : 4GB
Storage : HDD 1TB
OS : Win10
Colour : black

Garansi Resmi Asus Indonesia 2 Tahun","https://images.tokopedia.net/img/cache/500-square/VqbcmM/2021/8/25/d4998a1a-3238-42c9-b320-4dbf056e0fc1.png.webp?ect=4g",5149000.0,5.0,"TIST Online"
"Laptop HP 14 CAMO SPECIAL i3 1115G4 8GB 256ssd W10 14.0 - GREEN","HP 14 CAMO SPECIAL i3 1115G4 8GB 256ssd W10 14.0

PROCESSOR i3 1115G4
RAM 8GB
STORAGE 256GB ssd
OS WINDOWS 10 HOME
DISPLAY 14""

GARANSI :
- Garansi DISTRIBUTOR 1 TAHUN
- Garansi Toko 3 Hari (Rusak Ganti unit baru) apabila ada kerusakan yg diakibatkan cacat pabrik
- Barang 100% Baru dan Bergaransi

TERSEDIA PROMO ANTIVIRUS & PROMO MENARIK PAKET ANTI GORES
FREE BIAYA PEMASANGAN & INSTALASI
DENGAN CARA KLIK LINK DIBAWAH. MASUKAN KEDALAM KERANJANG BELANJA - LALU CEK OUT MENJADI 1 TRANSAKSI

untuk perawatan body laptop baru


untuk menjaga laptop baru dari serangan virus berbahaya


TERIMAKASIH","https://images.tokopedia.net/img/cache/500-square/VqbcmM/2021/8/24/b27e93e9-c8a8-463c-a3cc-8658589ae44f.png.webp?ect=4g",6949000.0,4.9,royalltech
"ASUS BR1100FKA-BP04 (N4500/4GB/EMMC 128GB/11.6 /FLIP & TOUCH/2CAM/W10)","BR1100FKA-BP0410T

Processor : N4500
Memory : 4 GB
STORAGE : SSD 128 EMMC
Display : 11.6""
OS : Win10

Flip + Touch/ 2 CAM/ GREY","https://images.tokopedia.net/img/cache/500-square/VqbcmM/2021/9/25/632111ae-0e59-414f-812d-185555691e92.jpg.webp?ect=4g",4995000.0,5.0,"Macro OneStop Official"
"Lenovo Ideapad Slim 3 Ryzen 3 5300U 8GB 512ssd Vega5 14.0FHD W10+OHS - UNIT+ANTIGORES","GARANSI RESMI LENOVO 2 TAHUN
FREE OFFICE HOME & STUDENT 2019 ORIGINAL PERMANENT
FREE TAS SLEMPANG


Lenovo Ideapad Slim 3 14 GRY -47ID
Lenovo Ideapad Slim 3 14 GLD -48ID
Lenovo Ideapad Slim 3 14 BLU -46ID
Lenovo Ideapad Slim 3 14 BLU -D8ID
Lenovo Ideapad Slim 3 14 GRY -DAID
Lenovo Ideapad Slim 3 14 GLD -D9ID
Lenovo Ideapad Slim 3 14 BLK -G5ID


spesifikasi :
Processor AMD Ryzen 3 5300U
Graphics Integrated AMD Radeon Graphics
Memory 4GB Soldered DDR4 + 4GB SO-DIMM DDR4
Storage 512GB SSD M.2 2242 PCIe NVMe 3.0x2
Display 14"" FHD (1920x1080) TN
Touchscreen None
Optical None
Media Reader 4-in-1 Card Reader
Ethernet None
WLAN + Bluetooth 11ac, 2x2 + BT5.0
Case Material PC / ABS
Camera 0.3MP
Microphone 2x, Array
Color Platinum Grey, IMR
Keyboard Backlit, English
TPM FW TPM 2.0
Battery Integrated 35Wh
Power Adapter 65W Round Tip
Operating System Windows 10 Home 64, English
Bundled Software Office Home and Student 2019","https://images.tokopedia.net/img/cache/500-square/VqbcmM/2021/12/23/a9a3240f-773b-45c4-b592-f0222fe3549f.jpg.webp?ect=4g",8749000.0,4.9,"Top Tech"
"ACER SWIFT 3 Infinity 4 SF314-511 I5-1135G7 16GB 512GB 14"" FHD W10 OHS","SF314-511-57RH Red Berry

Highlights:
‚Ä¢ Trendy, all metal sleek chassis (1.2kg-15.9mm), elevated hinge design.
‚Ä¢ Rich & bright color (100% sRGB FHD IPS Panel in ultra-narrow bezels 85,73%).
‚Ä¢ Intel 11th Gen, PCIe Gen4 SSD, and alternative thermal modes (Fn+F).

Swift 3 Infinity 4 (SF314-511)
‚Ä¢ Processor : Intel¬Æ Core‚Ñ¢ i5-1135G7 processor
‚Ä¢ OS : Windows 10 Home
‚Ä¢ Memory : 16 GB of onboard LPDDR4X Dual Channel memory
‚Ä¢ Storage : 512 GB SSD PCIe Gen4, NVMe
‚Ä¢ Inch, Res, Ratio, Panel : 14"" IPS, Full HD 1920 x 1080, 100% sRGB, high-brightness (300nits), Acer ComfyView‚Ñ¢ LED-backlit TFT LCD
‚Ä¢ Graphics : Intel¬Æ Iris¬Æ Xe Graphics
‚Ä¢ Network & Communication : IEEE 802.11 a/b/g/n/ac/ax & Bluetooth 5.0
‚Ä¢ Battery 4-cell Lithium Ion (Li-Ion)

‚Ä¢ Interfaces/Ports :
HDMI Yes
Number of HDMI Outputs 1
Number of USB 3.2 Gen 1 Type-A Ports 2
Number of USB 3.2 Gen 2 Type-C Ports 1
Total Number of USB Ports 3
USB Type-C Yes
USB Type-C Detail
USB Type-C port supporting:
USB 3.2 Gen 2 (up to 10 Gbps)
DisplayPort over USB-C
Thunderbolt 4
USB charging 5 V; 3 A
DC-in port 19 V; 65 W

‚Ä¢ Features :
- Windows Hello (fingerprint) & Wake on Voice.
- Gen 4 SSD
- Alternative Thermal Modes (Fn+F)

Free Office Home and Students 2019

Garansi Resmi Acer Indonesia 3 Tahun","https://images.tokopedia.net/img/cache/500-square/VqbcmM/2021/12/23/412e76bd-dcd3-4cc5-8952-8b18e9daded0.jpg.webp?ect=4g",1.2299E7,4.9,"Collins Official"
"Lenovo Ideapad Slim 3 - Amd Ryzen 5 5500U 8GB 512ssd 14.0FHD W10+OHS - Abu-abu","BERGARANSI RESMI LENOVO 2 TAHUN
INCLUDE OFFICE HOME DAN STUDENT 2019 ORIGINAL PERMANENT

Lenovo Ideapad Slim 3 14 Ryzen 5 5500 8GB 512ssd Vega6 W10+OHS 14.0FHD GRY -G3ID
Lenovo Ideapad Slim 3 14 Ryzen 5 5500 8GB 512ssd Vega6 W10+OHS 14.0FHD BLU -ALID
Lenovo Ideapad Slim 3 14 Ryzen 5 5500 8GB 512ssd Vega6 W10+OHS 14.0FHD GLD -G6ID

Spesifikasi :
AMD Ryzen 5 5500U (6C / 12T, 2.1 / 4.0GHz, 3MB L2 / 8MB L3)
AMD RADEON GRAPHICS
4GB Soldered DDR4 + 4GB SO-DIMM DDR4 (UP TO 20GB)
512GB SSD M.2 2242 PCIe 3.0x4 NVMe
14"" FHD (1920x1080) IPS 250nits Anti-glare, 45% NTSC
4-in-1 Card Reader
High Definition (HD) Audio, Realtek ALC3287 codec
Stereo speakers, 1.5W x2, Dolby Audio
Camera: 720p with Privacy Shutter
Microphone: 2x, Array
Battery: Integrated 38Wh
Power Adapter: 65W Round Tip Wall-mount
Keyboard White backlit, English
324.2 x 215.7 x 19.9 mm
WLAN + Bluetooth: 11ac, 2x2 + BT5.0

Standard Ports:

1x power connector
1x card reader
1x USB 3.2 Gen 1
1x USB-C 3.2 Gen 1 (support data transfer only)
1x headphone / microphone combo jack (3.5mm)
1x HDMI 1.4
1x USB 2.0

2CELL_38WH_INTERNAL
38WH
19,9mm x 324,2mm x 215mm
1.6 Kg","https://images.tokopedia.net/img/cache/500-square/VqbcmM/2021/12/23/26d3e558-d187-4934-884a-48f2d5a1cddd.jpg.webp?ect=4g",9599000.0,4.8,"Top Tech"
"ACER ASPIRE 3 A314-35 QUADCORE N5100 4GB 256GB INTEL UHD 14"" OHS W10 - 14"" HD","ACER ASPIRE 3 A314-35-C8QL (Pure Silver) - 14"" HD (READY)
ACER ASPIRE 3 A314-35-C2AW (Peachy Pink) - 14"" HD (SOLDOUT)
ACER ASPIRE 3 A314-35-C2T9 (Electric Blue) - 14"" HD (SOLDOUT)

ACER ASPIRE 3 A314-35-C4RT (PURE SILVER) - 14"" FULL HD

FREE OFFICE HOME & STUDENT 2019 ORIGINAL PERMANEN

- Processor : Intel¬Æ Celeron¬Æ Quad Core N5100 1.10 GHz Up To 2.80 GHz 4 MB L3 Cache
- Display : LED 14"" HD (1366 x 768) / 14"" FULL HD (1920 X 1080)
- Graphics : Intel¬Æ UHD Graphics
- Memory : 4 GB DDR4
- Storage : 256 GB PCIe Gen3, 8 Gb/s, NVMe
- Network : WiFi IEEE 802.11a/b/g/n/ac, Gigabit Ethernet, Bluetooth 5.0
- Operating System : Windows 10 Home
- Web Camera : Acer webcam 640 x 480 resolution
- Speaker : Two built-in stereo speakers

- Interfaces/Ports :
HDMI 1
Number of USB 2.0 Ports 1
Number of USB 3.2 Gen 1 Type-A Ports 2
Network (RJ-45) 1
Battery : 2-cell Lithium Ion (Li-Ion)

GARANSI RESMI ACER INDONESIA 3 TAHUN

Silahkan Cek Tersedia Juga Mouse Dan Sofware Kelengkapan Untuk Laptop Agan Dan Sis
1. Laminating Laptop
2. Aksesoris (Mouse / RAM / SSD / Headset)
3. Sofware Office Home Student","https://images.tokopedia.net/img/cache/500-square/VqbcmM/2021/6/21/45677135-0be3-4504-a906-77b07821263d.jpg.webp?ect=4g",5299000.0,4.9,"Protech Computer"
"LENOVO IDEAPAD SLIM 3 INTEL N4020 4GB/SSD 256GB/14""/WINDOWS10/OHS 2019 - 256 gb","TERSEDIA PILIHAN VARIAN SPESIFIKASI

SSD 256GB
SSD 512GB

Warna : BLACK AND PLATINUM GREY

Processor Onboard : Intel Celeron N4020 (2C / 2T, 1.1 / 2.8GHz, 4MB)
Display : 14"" FHD (1920√ó1080) AG, 220nits, 45% NTSC
Memori Standar : 4 GB DDR4
Storage : SSD 256GB M.2 SSD / SSD 512GB
Tipe Grafis : INTEL UHD Graphics
Audio : 2 x 2W stereo speakers with Dolby Audio‚Ñ¢
Webcam : vga with Privacy shutter
Wireless Network : 1 x 1 AC WiFi + Bluetooth 4.2

Interfaces
2 x USB 3.1** (1 supports charging)
1x USB 2.0
1x HDMI
1x 4-in-1 SD card reader
1x Headphone / mic combo
1x DC jack

Sistem Operasi : Windows 10 Home + Office Home&Student 2019 Original
Batery : 3 Cell 52.5Wh Battery
Dimensi : 358 x 245 x 17.9 (mm)
Berat : 1.79 Kg

Garansi Resmi Lenovo Indonesia
Colour : - Business Black
- Platinum Grey
Free : Bag

NB : office home student 2019 include bawan pabrik harus diaktifkan.
cara aktivasi office original harus bikin akun Microsoft terlebih dahulu dengan menggunakan email / bisa lihat cara aktivasi office original via YouTube.
Disarankan utk aktifasi sendiriüôè","https://images.tokopedia.net/img/cache/500-square/VqbcmM/2021/3/30/a2e77cf6-e52f-4408-b40b-8ccc0ce97e79.jpg.webp?ect=4g",5499000.0,5.0,"aura technology"
"Lenovo Flex 5 14 2in1 Touch Ryzen 7 4700 16GB 512ssd Vega7 W10 14.0FHD - LAPTOP","Lenovo Flex 5 14 2in1 Touch Ryzen 7 4700 16GB 512ssd Vega7 W10 14.0FHD

====================================================

LAPTOP INI BERGARANSI DISTRIBUTOR 1 TAHUN

FREE TAS DAN MOUSE SETIAP PEMBELIAN

JANGAN LUPA LINDUNGI LAPTOP DENGAN PAKET ANTIGORES !

====================================================

SPESIFIKASI :


Processor : AMD Ryzen 7 4700U (8C / 8T, 2.0 / 4.1GHz, 4MB L2 / 8MB L3)
Graphics : Integrated AMD Radeon Graphics
Chipset : AMD SoC Platform
Memory : 16GB Soldered DDR4-3200
Memory Slots : Memory soldered to systemboard, no slots, dual-channel (8GB, 12GB, or 16GB model)
Max Memory : 16GB soldered memory, not upgradable
Storage : 512GB SSD M.2 2280 PCIe 3.0x4 NVMe
Storage Support : One drive, up to 512GB M.2 2242 SSD or 1TB M.2 2280 SSD
Card Reader : 4-in-1 Card Reader
Optical : None
Audio Chip : High Definition (HD) Audio
Speakers : Stereo speakers, 2W x2, Dolby Audio
Camera : 720p
Microphone : 2x, Array
Battery : Integrated 52.5Wh
Max Battery Life : MobileMark 2014: 12 hr
Power Adapter : 65W USB-C (3-pin)
Display : 14"" FHD (1920x1080) IPS 250nits Glossy, Touch
Touchscreen : 10-point Multi-touch
Keyboard : Backlit, English (US)
Case Color : Graphite Grey
Surface Treatment : Metallic Painting
Case Material : Plastic (Top), PC + ABS (Bottom)
Dimensions (WxDxH) : 321.5 x 217.5 x 17.9-20.9 mm (12.65 x 8.56 x 0.70-0.82 inches)
Weight : 1.5 kg (3.3 lbs)
Operating System : Windows 10 Home 64, English
Bundled Software : Office Trial
Ethernet : None
WLAN + Bluetooth : 11ac, 2x2 + BT5.0
NFC : None
Standard Ports :
1x USB-C 3.2 Gen 1 (support data transfer and Power Delivery)
1x Power connector
1x Card reader
1x USB 3.2 Gen 1
1x USB 3.2 Gen 1 (Always On)
1x HDMI 1.4b
1x Headphone / microphone combo jack (3.5mm)","https://images.tokopedia.net/img/cache/500-square/VqbcmM/2021/12/4/21be4308-39c1-46e4-b9c1-3b73458674f7.jpg.webp?ect=4g",1.1749E7,4.8,ProStoreComputer
"ACER ASPIRE 3 SLIM A314-22 AMD A3020e 4GB 1TB HDD 14"" WIN10 OHS - A0UJ - BLACK, 4 gb","ACER ASPIRE 3 A314-22-A0UJ - BLACK

- Processor : AMD A3020e dual-core (1MB L2 Cache, 4MB L3 Cache, 1.2GHz up to 2.6GHz)
- Graphics : AMD Radeon Graphics
- Display Screen : 14"" HD 1366 x 768 resolution Acer ComfyView‚Ñ¢
- Main Memory : 4GB DDR4 Onboard
- Storage : 1TB HDD
- Web Camera : Acer webcam 640 x 480 resolution
- Audio Jack : 1 x 3.5mm headphone/speaker jack
- Network : 10/100/1000 LAN
- Wireless : 802.11a/b/g/n/ac wireless LAN Operates at 2.4 GHz and 5 GHz
- Bluetooth : Bluetooth 4.2
- Camera : HD webcam with
‚Ä¢ 1280 x 720 resolution
‚Ä¢ 720p HD audio/video recording""

- Port :
2 x USB 3.2 Gen 1 ports
1 x USB 2.0 Port
1 x HDMI port with HDCP support
1 x RJ-45 port

- Battery : 2-cell
- OS : Windows 10 Home (64-bit)

FREE OFFICE HOME AND STUDENT 2019

GARANSI RESMI ACER INDONESIA 3 TAHUN ( 1 Year Spare Part & 3 years Service )","https://images.tokopedia.net/img/cache/500-square/VqbcmM/2021/9/2/474b69f2-753e-49d2-9121-3ffc740f753d.jpg.webp?ect=4g",5299000.0,4.9,"WE iTech"
"LAPTOP ASUS X441MA - INTEL N4020 RAM 4GB HDD 1TB INTEL UHD DVD 14"" W10","ASUS VivoBook X441MA-GA031T Chocolate Black
ASUS VivoBook X441MA-GA032T Silver Gradient
ASUS VivoBook X441MA-GA033T Rose Gold
ASUS VivoBook X441MA-GA034T Peacock Blue

Immersive Sound, Powerful Performance

‚Ä¢ KSP
- Powerfull Audio Performance
- 3 Times Long Battery Life
- lightweight 1,7kg

‚Ä¢ Processor : Intel¬Æ Celeron¬Æ N4020 Processor 1.1 GHz (4M Cache, up to 2.8 GHz, 2 cores)
‚Ä¢ OS : Windows 10 Home
‚Ä¢ Panel : 14.0-inch LED Backlit HD (1366 x 768) 16:9 200nits glossy panel
‚Ä¢ Graphic : Intel¬Æ UHD Graphics 600
‚Ä¢ Memory : 4GB DDR4 SO-DIMM
‚Ä¢ Storage : 1TB SATA 5400RPM 2.5"" HDD

‚Ä¢ Ports :
1x Headphone out
1x 3.5mm Combo Audio Jack
1x RJ45 LAN Jack for LAN insert(10/100)
1x VGA Port (D-Sub)
1x HDMI 1.4//1x USB 2.0 Type-A
1x USB 3.2 Gen 1 Type-A
1x USB 3.2 Gen 1 Type-C//Micro SD card reader""

‚Ä¢ Keyboard : Chiclet Keyboard
‚Ä¢ Camera : VGA camera//Without privacy shutter
‚Ä¢ Battery : 36WHrs, 3S1P, 3-cell Li-ion (up to 8 hours battery life)
‚Ä¢ Power supply : √∏4.0, 33W AC Adapter, Output: 19V DC, 1.75A, 33W, Input: 100-240V AC 50/60Hz universal
‚Ä¢ Connectivity : Wi-Fi 5(802.11ac)+Bluetooth 4.1 (Dual band) 1*1
‚Ä¢ Weight : 1.75 kg
‚Ä¢ Dimension : 34.80 x 24.20 x 2.76 ~ 2.76 cm
‚Ä¢ Accessories : Backpack

GARANSI RESMI ASUS INDONESIA 2 TAHUN","https://images.tokopedia.net/img/cache/500-square/VqbcmM/2021/12/2/1c721ae9-dd03-4873-bcc3-c7c43ce54809.jpg.webp?ect=4g",5149000.0,5.0,"Collins Official"
"LENOVO IDEAPAD FLEX 5 2in1 TOUCH - i5 1135G7 8GB 512ssd INTEL IRIS XE - 8 gb","FLEX 5 i5 11TH GEN

Processor: i5-1135G7 Speed: 2.4GHz
RAM: 8GB
Solid State Drive: 512GB SSD
Operating System: Windows 10 Home
14"" FHD Touchscreen i5-1135G7 2.4GHz
Intel Iris Xe Graphics Win 10 Home

Graphite Grey

GARANSI 1 TAHUN DISTRIBUTOR
GARANSI TOKO 3 HARI TUKAR UNIT, JIKA ADA KESALAHAN PABRIK","https://images.tokopedia.net/img/cache/500-square/VqbcmM/2021/12/24/943b1268-c8a1-4fbc-8e62-173fd875b318.jpg.webp?ect=4g",1.0599E7,4.7,"Top Tech"
"Macbook Pro M1 Pro 2021 16"" RAM 16GB 1TB","Like New Pemakaian 1 Minggu Macbook Pro 16 M1 Pro RAM 16GB 1TB 10 Core CPU 16 Core GPU
Warranty sampai 12 Dec 2022
Battery Cycle Count baru 7
Benar2 seperti baru, muluuus","https://images.tokopedia.net/img/cache/500-square/VqbcmM/2021/12/29/58e8bc7e-111b-4b2b-b143-b33aba7b904c.jpg.webp?ect=4g",4.25E7,0.0,"Velo Daddy"
"Laptop Lenovo Thinkpad X240 - corei5 4300u - ram 8GB - SSD 240GB - cam - RAM 4GB, HDD 500GB","Laptop Lenovo Thinkpad X240

stock masih ready..
di klik dulu varian yg di inginkan..
klik ram lalu hdd atau ssd..
terima kasih..

spek:
- proc corei5 4200u 1.60Ghz Haswell
- Ram dan SSD dapat pilih di varian..
- wifi
- webcam
- usb 3.0
- VGA Intel HD 4400
- Layar led 12.5 inch widescreen
- Windows 10 siap pakai

kelengkapan:
- laptop
- charger
- tas

kondisi barang:
+ 90% MULUS sisa nya bekas pemakaian
+ baterai Normal (1-3jam)
+ 100% Original Branded Lenovo
+ Belum pernah di Service
+ Semua berfungsi normal
+ No error running windows

NB: Garansi personal 1bulan

*jabodetabek bisa gosend
*Untuk Jarak jauh bisa dikirim dengan packingan aman. (bubblewrap dan kardus).

ayo di order ..STOCK Terbatas..

Reseller..ecer..grosir..WELCOME..

Jangan ragu untuk bertanya atau order.

Terima kasih.

Wa: 085214918877","https://images.tokopedia.net/img/cache/500-square/product-1/2019/2/8/1564219/1564219_a610a649-c5f7-4097-b420-9054664e41a4_1062_1062.jpg.webp?ect=4g",3399000.0,4.9,RevoComp
"ACER Aspire 5 A514-54 i3-1115G4 4GB 512GB 14"" W10 - GARANSI RESMI - Layar HD","ACER Aspire 5 Slim A514-54 i3-1115G4 4GB 512GB 14"" FHD IPS

SERI TERBARU Include Windows 11 + OHS2021 (Original & Permanent) & Acer Laptop Backpack

SKU: (tipe terbaru kode sku A23SN)
NX.A23SN.006 (layar HD) Pure Silver
NX.A23SN.007 (layar FHD IPS) Pure Silver

GARANSI RESMI 3 TAHUN ACER INDONESIA
(1 TAHUN GARANSI PARTS + 3 TAHUN GARANSI SERVICE)


SPESIFIKASI
Brand : Acer Aspire 5 Slim
Processor : Intel Core i3 1115G4 11th Gen, 3,0Ghz Up to 4,1Ghz, 2 Core 4 Threads
RAM : 4GB, upgradeable to 8GB DDR4
Storage : SSD 512GB NVMe (Support HD/SSD 2,5"")
Graphics : Intel UHD Graphics
Screen Size : 14 inch display
Display : 14"" HD / FHD 1920x1080 with In-Plane Switching Technology (IPS)
Keyboard Backlit : No
Connectivity : Bluetooth 5.1, Intel¬Æ Wireless Wi-Fi 6 AX201 with MU-MIMO
Front Camera : Webcam 1280 x 720 resolution, 720p HD audio/video recording
Audio: Acer Purified Voice technology with two built-in microphones, compatible with Cortana Voice
Battery: Power-off USB Charging, daya tahan baterai hingga 11.5 jam pemakaian tanpa cas
OS : Windows 11 Home
Microsoft Office Home & Student 2021

PORTS:
HDMI¬Æ port
1x USB 3.2 Gen 1 (with power off charging features), 2x USB 3.2 Gen 1, 1x USB Type-C, 1x RJ45


KEUNGGULAN:
Cakupan sinyal 360 derajat dengan Exo Amp Antenna.
Windows 11 dan Microsoft OHS 2021 Original Permanent
RAM & Storage yang bisa diupgrade untuk penyimpanan lebih besar dan performa yang lebih tinggi.
Performa prosesor Intel i3 11th Gen yang lebih baik dibandingkan 10th Gen series (i3-1005G1).
Fitur Power-off USB Charging untuk menjaga keawetan baterai

ISI KEMASAN:
Unit Laptop Acer Aspire
Charger
Kabel Power
Acer Laptop Backpack","https://images.tokopedia.net/img/cache/500-square/VqbcmM/2021/12/27/d159c129-1383-41a6-820a-b1ea515b0cbf.png.webp?ect=4g",7099000.0,5.0,LogiKiosk
"HP Pavilion Aero 13 be0000AU [Ryzen 5-5600/16GB/512SSD/13,3""FHD IPS]","FAST RESPONS VIA WA ORDER TETAP VIA TOKOPEDIA
089638957546
TOKO OFFLINE DI BEC LT 2 BLOK K02

SEMUA BARANG KITA RESMI GAN !! JAMINAN KUALITAS DARI PRINSIPAL
---Kami TIDAK MENJUAL BARANG KW dan non original---


Semua pembelian product HP, Wajib unboxing video (unboxing - dari buka dus hingga product menyala)
klaim tukar barang hanya berlaku kurang dari 7 hari dan menyertakan video unboxing sampai unit menyala
Apabila ada kerusakan product pembelian lebih dari 1 minggu bisa langsung dibawa ke Service Centre Terdekat


---BERAT TERCANTUM MERUPAKAN BERAT BARANG PLUS PACKINGAN---


Mohon untuk membaca peraturan belanja di toko kami, order berarti menyetujui setiap barang yang sudah dikirim.

Spesifikasi

*Processor : AMD Ryzen 5 5600U (up to 4.2 GHz max boost clock, 16 MB L3 cache, 6 cores, 12 threads)
*Memory : 16 GB DDR4-3200 MHz RAM (onboard)
*Memory Note : Transfer rates up to 3200 MT/s.
*Storage : 512 GB PCIe NVMe M.2 SSD
*Display : 13.3"" diagonal, WUXGA (1920 x 1200), IPS, micro-edge, anti-glare, 400 nits, 100% sRGB
*Ports : 1 SuperSpeed USB Type-C 10Gbps signaling rate (USB Power Delivery, DisplayPort 1.4, HP Sleep and Charge); 2 SuperSpeed USB Type-A 5Gbps signaling rate; 1 HDMI 2.0; 1 AC smart pin; 1 headphone/microphone combo
*Webcam : HP Wide Vision 720p HD camera with integrated dual array digital microphones
*Keyboard : Full-size, backlit, natural silver keyboard
*Warranty : 2 years limited parts and labour Warranty + Accidental Damage Protection","https://images.tokopedia.net/img/cache/500-square/VqbcmM/2021/11/19/eb23f0ec-9528-4416-8e17-da3be0be6d26.jpg.webp?ect=4g",1.2499E7,0.0,"Funan Van Java - HP Authorized"
"New Macbook Pro 2021 14 inch M1 Pro 10 8 CPU 16 14 GPU 16GB 512GB 1TB - 8 C 14 GPU 512","KENAPA HARUS BELI SAMA Choco Apple?
1. TRUSTED SELLER bukan cuma seller musiman yang setelah barang jualannya laku
trus menghilang entah kemana.
2. BARANG DIJAMIN BRAND NEW IN BOX + SEGEL
3. CLAIM GARANSI KAMI BANTU

**** BACA INI SEBELUM MEMBELI ****
- Barang Asli dari Apple store
- Barang New BNIB SEGEL, Bukan replika2an
- Warranty International 1 Tahun, Bisa bantu Claim garansi","https://images.tokopedia.net/img/cache/500-square/VqbcmM/2021/10/20/7ad1e77b-fc3b-451e-a024-b21f38fb67dc.jpg.webp?ect=4g",3.375E7,4.9,chocoapple
"HP PAVILION 14 EC0013AU EC0014AU AMD RYZEN 5 5500 16GB 512ssd W10 - SILVER","BERGARANSI HP 2 TAHUN + ADP

spesifikasi :
Processor AMD Ryzen 5 5500U (6C / 12T, 2.1 / 4.0GHz, 3MB L2 / 8MB L3)
memori 16 GB DDR4-3200 SDRAM
storage 512 GB PCIe¬Æ NVMe‚Ñ¢ SSD
layar 14 FHD Brightview IPS 250 nits
Ports: 1 SuperSpeed USB Type-C¬Æ 10Gbps signaling rate (USB Power Delivery, DisplayPort‚Ñ¢ 1.4, HP Sleep and Charge); 2 SuperSpeed USB Type-A 5Gbps signaling rate; 1 HDMI 2.0; 1 AC smart pin; 1 headphone/microphone combo
Audio by B&O; Dual speakers; HP Audio Boost
Webcam: HP Wide Vision 720p HD camera with integrated dual array digital microphones
Pointing device: Precision Touchpad Support; HP Imagepad with multi-touch gesture support
Full-size, backlit, natural silver keyboard
Intel¬Æ Wi-Fi 6 AX201 (2x2) and Bluetooth¬Æ 5 combo (Supporting Gigabit file transfer speeds)
65 W Smart AC power adapter
3-cell, 43 Wh Li-ion polymer
Dimensions without stand (W x D x H): 32.5 x 21.66 x 1.7 cm
Package dimensions (W x D x H): 6.9 x 48.3 x 30.5 cm
Berat: Starting at 1.41 kg
Operasi Sistem Windows 10 Home","https://images.tokopedia.net/img/cache/500-square/VqbcmM/2021/12/17/8412f136-4470-4ac6-800b-7e083973e1a1.jpg.webp?ect=4g",1.0499E7,4.8,"Top Tech"
"Lenovo Slim D330 Flex TOUCH N4020 8GB 256GB W10Pro 10.1inch - 128 gb","Lenovo IdePad D330-14IGM
STOK BANYAK ! SILAHKAN LANGSUNG ORDER ! PEMBELIAN GROSIR SILAHKAN CHAT KAMI

- Processor Intel Core N4020
- Memori Standar 8GB DDR4 (RAM GEDE BROO)
- Tipe Grafis INTEL HD Graphics
- Storage : Emmc 128GB EMMC / 256GB (128GB EMMC + 128GB SD CARD )
- No DVD RW
- Layar 10.1"" HD IPS Touch Screen
- System Operasi Window 10

Kelengkapan :

- Unit Laptop
- Charger
- Kartu Garansi
- Box / Dus Laptop

GARANSI :
- Garansi RESMI LENOVO 1 TAHUN
- Garansi Toko 3 Hari (Rusak Ganti unit baru) apabila ada kerusakan yg diakibatkan cacat pabrik
- Barang 100% Baru dan Original","https://images.tokopedia.net/img/cache/500-square/VqbcmM/2021/9/25/71c54b1b-09ea-4a0e-9ad4-79499a3b882c.png.webp?ect=4g",4799000.0,4.9,"Gaming Laptop ID"
"Apple Macbook Pro 2020 M1 8GB 512GB SSD MYD92 MYDC2 Gray Silver Resmi - c8df","READY STOCK GENERASI TERBARU !!!
- M1 PRO CHIP
https://tokopedia.com/studioponsel/apple-macbook-pro-2021-m1-pro-14-ram-16gb-512gb-1tb-resmi-not-m1x

- M1 MAX
https://tokopedia.com/studioponsel/apple-macbook-pro-16-m1x-2021-ram-32gb-16gb-1tb-512gb-m1-max-resmi

Aksesoris Pendukung :
- Type C to HDMI Converter 5 In 1 PX UCH15

- AC Plug :

- Flashdisk Software:

- Magic Mouse :



FREE SOFTWARE MICROSOFT OFFICE LENGKAP TERAKTIFASI*
Wajib Tulis *INSTAL OFFICE* Di Catatan
( Original Versi Crack ; UNIT AKAN DI INBOXING DAHULU )

Packing BUBBLE EXTRA
-


Tersedia Varian :
RESMI INDO, Garansi resmi indonesia, bisa klaim seluruh ibox indonesia
RESMI INTER, Garansi resmi internasional, bisa klaim diindo slain ibox, bantu klaim lewat seller free

Warna : Space Grey , Silver

#PRODUK#
* Barang BNIB ( Brand New In Box ) NEW ORIGINAL DAN SEGEL
* Garansi 1 Tahun All Product [ Garansi kita bantu claim ]
* Garansi Personal 7x24 Jam [ Jika saat barang di terima ada cacat produksi, unit kita ganti baru *WAJIB ADA VIDEO UNBOXING* ]

#STUDIO PONSEL#
- Official Store Tokopedia ( Toko terpercaya, berkerjasama dengan tokopedia)
- Cashback up to 300rb
- Free Ongkir up to 30rb
- Good Service, Great After Sales
* Next Order : Diskon Harga
* Pembelian Qty : Harga Khusus

#SPEC
- Apple M1 chip with 8-core CPU and 8-core GPU
- 16-core Neural Engine
- 8GB unified memory
- 512GB SSD storage
- 13-inch Retina display with True Tone
- Backlit Magic Keybo","https://images.tokopedia.net/img/cache/500-square/VqbcmM/2021/5/22/168f1f3d-0f36-47ae-83cc-f5986a4fdd88.jpg.webp?ect=4g",2.03E7,4.9,"Studio Ponsel"
"Asus Vivobook F412DA Ryzen 3 3250 8GB 256ssd Vega3 W10 14.0FHD - LAPTOP","Asus Vivobook F412DA Ryzen 3 3250 8GB 256ssd Vega3 W10 14.0FHD

Spesifikasi :
Processor : AMD Ryzen 3 3250
Ram : 8GB DDR4
Strorange : SSD 256GB
Display : 14inch FHD
Operating system : Windows 10 Home

garansi distributor 1 tahun

Tersedia Juga :

Paket Laminating + Anti Gores :

Microsoft Office :

Packing Kayu :","https://images.tokopedia.net/img/cache/500-square/VqbcmM/2021/11/29/6cbed32b-c72c-4a03-a71c-1427cc518827.png.webp?ect=4g",7299000.0,4.7,ProStoreComputer
"HP Pavilion Aero 13-be0000AU/be0001AU Ryzen 5 5600U 512GB SSD 16GB IPS - Silver","HP Pavilion Aero 13-be0000AU/be0001AU Ryzen 5 5600U 512GB SSD 16GB IPS 100%sRGB Win10+OHS

GARANSI RESMI HP INDONESIA 2 TAHUN + ADP

AMD Ryzen‚Ñ¢ 5 5600U (up to 4.2 GHz max boost clock, 16 MB L3 cache, 6 cores, 12 threads)
16 GB DDR4-3200 MHz RAM (onboard)
AMD Radeon‚Ñ¢ Graphics
512 GB PCIe¬Æ NVMe‚Ñ¢ M.2 SSD
13.3"" diagonal, WUXGA (1920 x 1200), IPS, micro-edge, anti-glare, 400 nits, 100% sRGB
Realtek Wi-Fi CERTIFIED 6‚Ñ¢ (2x2) and Bluetooth¬Æ 5.2 combo (Supporting Gigabit data rate)
External ports: 1 SuperSpeed USB Type-C¬Æ 10Gbps signaling rate (USB Power Delivery, DisplayPort‚Ñ¢ 1.4, HP Sleep and Charge); 2 SuperSpeed USB Type-A 5Gbps signaling rate; 1 HDMI 2.0; 1 AC smart pin; 1 headphone/microphone combo
Minimum dimensions (W x D x H): 29.7 x 20.9 x 1.69 cm
Weight: <1 kg
65 W Smart AC power adapter
3-cell, 43 Wh Li-ion polymer
HP Wide Vision 720p HD camera with integrated dual array digital microphones
Audio by B&O; Dual speakers; HP Audio Boost

Warna:
Gold: Warm gold magnesium-aluminum Thixomolding cover and keyboard frame, warm gold base
Silver: Natural silver magnesium-aluminum Thixomolding cover and keyboard frame, natural silver base","https://images.tokopedia.net/img/cache/500-square/VqbcmM/2021/12/30/30815b96-bba7-4de6-bf63-5cbc855c698d.jpg.webp?ect=4g",1.2499E7,5.0,"Sinarmulia Sukses Makmur"
"LAPTOP ASUS A409FA i3-10110U 4GB 256GB SSD INTEL UHD 14"" WIN10 OHS - FHD321 - SILVER, 4 gb","ASUS VIVOBOOK 14 A409FA-FHD321 (Transparent Silver)
ASUS VIVOBOOK 14 A409FA-FHD322 (Slate Grey)

‚Ä¢ Processor : Intel¬Æ Core‚Ñ¢ i3-10110U
‚Ä¢ Memory : 4 GB LPDDR4 Onboard Memory, 1 x SO-DIMM socket
‚Ä¢ Storage : 256 GB M.2 NVMe‚Ñ¢ PCIe¬Æ SSD
‚Ä¢ Graphics : Intel UHD Graphics
‚Ä¢ Display : 14"" (16:9) LED backlit FHD Doff with 45% NTSC (On selected models)
‚Ä¢ Optical Drive : NO
‚Ä¢ Camera : HD Webcam
‚Ä¢ Audio : ASUS SonicMaster stereo audio system with surround-sound
‚Ä¢ Networking : Integrated 802.11 AC (2x2) Built-in Bluetooth V4.2
‚Ä¢ KEYBOARD BACKLIT
‚Ä¢ FINGERPRINT

‚Ä¢ Slots/Interface :
1x Combo audio jack
1x Type-C USB 3.1 Gen 1
1x Type-A USB 3.1 Gen 1
2x USB 2.0
1 x HDMI

‚Ä¢ Battery : 3 cells battery 42Whrs
‚Ä¢ Dimension : 327 x 224.75 x 17.6 mm (WxDxH) (w/ 3cell battery)
‚Ä¢ Weight : 1.4 kg with Battery
‚Ä¢ Bonus : Bag ASUS
‚Ä¢ Operating System : Windows 10 Home

Free Office Home and Student 2019

GARANSI RESMI ASUS INDONESIA 2 TAHUN","https://images.tokopedia.net/img/cache/500-square/VqbcmM/2021/8/20/5479b1ab-7870-417d-bf18-c51b51e14023.jpg.webp?ect=4g",7049000.0,5.0,"WE iTech"
"Lenovo ideapad Slim 3 Ryzen 3 5300U 512GB SSD 8GB Win10+OHS BLACK - Abyss Blue","Lenovo ideapad Slim 3 Ryzen 3 5300U 512GB SSD 8GB Win10+OHS

SKU - WARNA:

82KT004GID/82KT00D8ID/82KT0046ID - Abyss Blue
82KT00DAID/82KT00G5ID/82KT0047ID - Artic Grey
82KT00D9ID - Sand

AMD Ryzen 3 5300U (4C / 8T, 2.6 / 3.8GHz, 2MB L2 / 4MB L3)
AMD RADEON GRAPHICS
4GB Soldered DDR4-3200 + 4GB SO-DIMM DDR4-3200
Max Memory: Up to 12GB (4GB soldered + 8GB SO-DIMM) DDR4-3200 offering
512GB SSD M.2 2242 PCIe 3.0x4 NVMe
4-in-1 Card Reader
High Definition (HD) Audio, Realtek ALC3287 codec
Stereo speakers, 1.5W x2, Dolby Audio
Camera: 720p with Privacy Shutter
Microphone: 2x, Array
Battery: Integrated 38Wh
Power Adapter: 65W Round Tip Wall-mount
14"" FHD (1920x1080) IPS 300nits Anti-glare, 45% NTSC
Keyboard backlit, English
WLAN + Bluetooth: 11ac, 2x2 + BT5.0
Case Material: PC + ABS (Top), PC + ABS (Bottom)

Standard Ports:

1x power connector
1x card reader
1x USB 3.2 Gen 1
1x USB-C 3.2 Gen 1 (support data transfer only)
1x headphone / microphone combo jack (3.5mm)
1x HDMI 1.4
1x USB 2.0

324.2 x 215.7 x 19.9 mm
Weight: 1.41 kg

Firmware TPM 2.0 integrated in chipset

Bonus Tas Lenovo 15.6 Laptop Casual Toploader

WINDOWS 10 HOME + OFFICE HOME AND STUDENT 2019","https://images.tokopedia.net/img/cache/500-square/VqbcmM/2021/7/12/0f5f747c-ccf9-4e7e-adc0-e6a805a45852.jpg.webp?ect=4g",8699000.0,5.0,"Sinarmulia Sukses Makmur"
"Laptop Lenovo ideapad Slim 3i Celeron N4020 256 GB SSD Win10+OHS Murah - BUSINESS BLACK","Laptop Lenovo ideapad Slim 3i Celeron N4020 256 GB SSD Win10+OHS Murah

GARANSI RESMI LENOVO INDONESIA 2 TAHUN

SKU:

ABYSS BLUE
BUSINESS BLACK
CHERRY RED
PLATINUM GREY 256MB --- 81WH0047ID --- READY
PLATINUM GREY 512MB --- 81WH000VID

Bonus: Tas + OFFICE HOME AND STUDENT 2019

Intel Celeron N4020 (2C / 2T, 1.1 / 2.8GHz, 4MB)
Integrated Intel UHD Graphics 600
4GB Soldered DDR4-2400
256GB SSD M.2 2242 PCIe 3.0x2 NVMe
14"" FHD TN 220nits Anti-glare
WLAN + Bluetooth: 11ac, 2x2 + BT5.0
Case Material: PC / ABS
Camera: 0.3MP
Microphone: 2x, Array
Keyboard: Non-backlit, English
TPM: FW TPM 2.0
Battery: Integrated 35Wh
Power Adapter: 45W Round Tip
Windows 10 Home + Office Home and Student 2019
Port: 4-in-1 media reader (MMC, SD, SDHC, SDXC), 1 USB 2.0, 2 USB 3.2 Gen 1, HDMI 1.4b, 4-in-1 media reader (MMC, SD, SDHC, SDXC), AC power adapter jack, headphone / microphone combo jack
327.1mm x 241mm x 19.9mm
Starting at 1.5 kg","https://images.tokopedia.net/img/cache/500-square/VqbcmM/2021/7/12/25c10d7e-7e79-4cb8-91a1-0f69315c0a72.jpg.webp?ect=4g",5799000.0,5.0,"Sinarmulia Sukses Makmur"
"Lenovo IdeaPad Slim3 Ryzen 5 5500U 8GB 512SSD W10 OHS - Arctic Grey","IdeaPad 3 14ALC6

Processor AMD Ryzen 5 5500U (6C / 12T, 2.1 / 4.0GHz, 3MB L2 / 8MB L3)
Graphics Integrated AMD Radeon Graphics
Chipset AMD SoC Platform
Memory 4GB Soldered DDR4-3200 + 4GB SO-DIMM DDR4-3200
Memory Slots One memory soldered to systemboard, one DDR4 SO-DIMM slot, dual-channel capable
Storage 512GB SSD M.2 2280 PCIe 3.0x4 NVMe
Storage Support ""Model with 38Wh battery: up to 2 drives, 1x 2.5"""" HDD + 1x M.2 SSD
‚Ä¢ 2.5"""" HDD up to 1TB
‚Ä¢ M.2 2242 SSD up to 512GB
‚Ä¢ M.2 2280 SSD up to 512GB""
Card Reader 4-in-1 Card Reader
Optical None
Audio Chip High Definition (HD) Audio, Realtek ALC3287 codec
Speakers Stereo speakers, 1.5W x2, Dolby Audio
Camera 720p with Privacy Shutter
Microphone 2x, Array
Battery Integrated 38Wh
Max Battery Life MobileMark 2018: 7.5 hr (38Wh)
Power Adapter 65W Round Tip Wall-mount
DESIGN
Display 14"" FHD (1920x1080) IPS 300nits Anti-glare, 45% NTSC
Touchscreen None
Keyboard Backlit, English
Case Color Arctic Grey
Surface Treatment IMR
Case Material PC + ABS (Top), PC + ABS (Bottom)
Dimensions (WxDxH) 324.2 x 215.7 x 19.9 mm (12.76 x 8.49 x 0.78 inches)
Weight 1.41 kg (3.1 lbs)
SOFTWARE
Operating System Windows 10 Home 64, English
Bundled Software Office Home and Student 2019
CONNECTIVITY
Ethernet None
WLAN + Bluetooth 11ac, 2x2 + BT5.0
Standard Ports ""1x power connector
1x card reader
1x USB 3.2 Gen 1
1x USB-C 3.2 Gen 1 (support data transfer only)
1x HDMI 1.4b
1x headphone / microphone combo jack (3.5mm)
1x USB 2.0""
SECURITY & PRIVACY
Security Chip Firmware TPM 2.0 integrated in chipset
Fingerprint Reader None
Other Security Camera privacy shutter
MANAGEABILITY None
SERVICE
Base Warranty 1-year, Depot
Included Upgrade 2Y Premium Care -IPENTRY (ESS) (5WS0X58233)
ACCESSORIES None
CERTIFICATIONS
Green Certifications ""ENERGY STAR 8.0
ErP Lot 3
RoHS compliant""","https://images.tokopedia.net/img/cache/500-square/VqbcmM/2021/12/29/f5c5bc10-51a4-43e0-85ba-36681442ad68.jpg.webp?ect=4g",1.0199E7,5.0,"Lenovo Official"
"Laptop Asus Vivobook A509FA Core i3-10110U 4GB 256GB 15.6"" FHD W10+OHS - NON Bundle","üì¢ KLIK LINK DIBAWAH INI UNTUK UPGRADE RAM DAN PAKET INSTALL APLIKASI :)

https://www.tokopedia.com/agusidstoreapple/etalase/paket-install-dan-upgrade-ram

GRATIS BIAYA PEMASANGAN RAM


Mengenai varian:

‚úî Non Bundle : Tidak dapat Bundling
‚úî Bundle HS A : Logitech Headphone H110
‚úî Bundle Mouse A : Logitech Mouse M170 Wireless
‚úî Bundle Mouse B : Logitech Mouse M221 Silent Wireless Blue
‚úî Bundle Mouse C : Logitech Mouse M350 Pebble Wireless
‚úî Bundle Mouse D : Logitech Mouse M590 Multi Device Silent


UNTUK PENJELASAN DETAILNYA ADA DISLIDE PRODUK
BILA KURANG PAHAM BISA CHAT KE PRODUK KONSULTAN KAMI


Setiap pembelian unit di ""AGUS ID STORE"" Official Store
CASHBACK HINGGA 400RB


‚ö†Ô∏èKenapa harus beli laptop di AGUS ID STORE ?

- Produk kami 100% ORIGINAL
- Uang kita kembalikan 2x lipat kalau barang tidak original
- GARANSI RESMI Indonesia
- BNIB (Brand New In Box) barang segel
- Kami memiliki TEAM AFTERSALES buat bantu klaim garansi
- Reseller / dropshipper are welcome

üìû Fast Respon WA : *0821 2247 9856


GARANSI:
- Resmi Asus Indonesia 2 Tahun
- Perfect Warranty (Accidental Damage Protection) 1 Tahun

FREE: Asus Backpack selama persediaan masih ada

SPESIFIKASI PRODUK:
- CPU : Intel¬Æ Core‚Ñ¢ i3-1005G1 processor 1.2GHz with Turbo Boost (up to 3.4GHz) and 4MB cache
- GPU : Intel UHD Graphics
- Display : 15.6-inch FHD (1920 x 1080) 16:9 LED Backlit 220nits Anti-glare display NTSC: 45% Screen-to-body ratio 83%
- RAM : 4GB DDR4 on board
- Storage : 256GB M.2 NVMe‚Ñ¢ PCIe¬Æ SSD
- OS : Windows 10 Home
- Keyboard : Backlit Chiclet Keyboard
- Software : Microsoft Office Home Student 2019


- Slots/Interface :
""1x HDMI 1.4
1x 3.5mm Combo Audio Jack
1x DC-in//1x USB 3.2 Gen 1 Type-A
1x USB 3.2 Gen 1 Type-C
2x USB 2.0 Type-A//Micro SD card reader""



‚ö†Ô∏èCEK ETALASE UNTUK LAPTOP DAN PRODUK KATEGORI LAINNYA:","https://images.tokopedia.net/img/cache/500-square/VqbcmM/2021/9/2/a08489ec-d56b-4cc6-81bf-981d1e620211.png.webp?ect=4g",6999000.0,5.0,agusidstoreapple
"LAPTOP HP 14s i3 10110U 8GB 256GB-SSD WIN 10+OHS 2019 14 INCH-FHD IPS - SILVER","HARAP BACA DESKRIPSI !!!!!

TYPE BARU :
HP 14S CF2517TU I3 10110 8GB 256SSD W10+OHS 14.0 BLIT 2YR SLV
HP 14S CF2518TU i3 10110 8GB 256SSD W10+OHS 14.0 BLIT 2YR GLD



Processor : Intel Core‚Ñ¢ i3-10110U
Display : 14; diagonal HD BrightView micro-edge WLED-backlit
Operating system : Windows 10 Home Single Language 64
Software (Pre-Install) : Microsoft Office & Home Student 2019
Memory : 8 GB DDR4-2666 SDRAM (2 x 4 GB)
Internal Storage : 256 GB PCIe NVMe‚Ñ¢ M.2 SSD
Hard drive (2nd) : (None)
Graphics : Intel UHD Graphics
Optical Drive : (None)
Ports : 1 HDMI 1.4; 1 headphone/microphone combo; 1 AC smart pin; 2 USB 3.1 Gen 1 Type-A (Data Transfer Only); 1 USB 3.1 Gen 1 Type-C‚Ñ¢ (Data Transfer Only, 5 Gb/s signaling rate)
Expansion Slot : 1 multi-format SD media card reader
Webcam : HP TrueVision HD Camera with integrated digital microphone
Audio features : Dual speakers
Pointing device : Touchpad with multi-touch gesture support; Precision Touchpad Support
Keyboard : Full-size island-style backlit keyboard
Touch Screen : No
Wireless : Realtek 802.11 a/b/g/n/ac (1x1) Wi-Fi and Bluetooth 4.2 Combo
Power supply : 45 W Smart AC power adapter
Battery type : 3-cell, 41 Wh Li-ion, 210gr
Product color : Natural silver
Dimensions (WxDxH) : 32.4 x 22.59 x 1.99 cm
Weight : Start with 1.43 kg
Warranty : 2 year RESMI HP INDONESIA
Includes : HP 15.6 Value Top Load Bag","https://images.tokopedia.net/img/cache/500-square/VqbcmM/2021/10/22/fbecdd79-1334-41ac-8cea-7adf3132ea82.jpg.webp?ect=4g",7350000.0,4.9,EnVicStore
"ASUS BR1100FKA-BP0464T Cel-N4500 4GB 128GB Intel UHD Win10 Touchscreen","Deskripsi Produk :

‚Ä¢ 11.6"" HD (1366 x 768) IPS-level Panel, Glossy display, LED Backlit, Touchscreen
‚Ä¢ Intel¬Æ Celeron¬Æ N4500 Processor (4M Cache, up to 2.8 GHz)
‚Ä¢ 4GB DDR4 Onboard
‚Ä¢ 128GB eMMC + Free Slot 1x M.2 2280 PCIe 3.0x4
‚Ä¢ Intel¬Æ UHD Graphics
‚Ä¢ Microsoft¬Æ Windows‚Ñ¢ 10 Home (English) 64 Bit
‚Ä¢ Integrated Wi-Fi 5 (802.11ac) + Bluetooth 5.0
‚Ä¢ Built-in stereo speaker SonicMaster
‚Ä¢ 720p HD camera with privacy shutter
‚Ä¢ Chiclet 1.35mm Key-travel Spill-resistant Keyboard
‚Ä¢ I/O Port : 1x USB 2.0 Type-A | 1x USB 3.2 Gen 1 Type-A | 1x USB 3.2 Gen 2 Type-C support power delivery | 1x HDMI 1.4 | 1x 3.5mm Combo Audio Jack | 1x RJ45 Gigabit Ethernet | 1x DC-in
‚Ä¢ 42WHrs, 3S1P, 3-cell Li-ion Battery
‚Ä¢ 45 W AC Adapter
‚Ä¢ Dimension : 19.9 mm ~ 20.0 mm x 204.9 mm x 294.6 mm
‚Ä¢ Weight : 1.4 kg
‚Ä¢ 1 Year ASUS Limited Warranty

KETENTUAN :

‚Ä¢ Barang DIJAMIN ORI dan GARANSI RESMI
‚Ä¢ Barang sudah Include PPN
‚Ä¢ Penerbitan Faktur Pajak (NPWP, NO ORDERAN dikirim ke finance@yolori.com saat melakukan order, selambatnya 1x24 Jam dari orderan diterima)
‚Ä¢ Untuk Pembelian banyak bisa ajukan untuk penawarannya ke ask@yolori.com
‚Ä¢ WAJIB MENGHUBUNGI KAMI / CHAT SEBELUM ORDER UNTUK KONFIRMASI STOCK
‚Ä¢ Buka Jam (10.00 - 18.00) Hari Senin-Sabtu (Tanggal Merah Tutup)
‚Ä¢ Selamat Berbelanja","https://images.tokopedia.net/img/cache/500-square/VqbcmM/2021/11/3/860dc883-7dc2-4a2a-a2db-f734b650ebb2.png.webp?ect=4g",4994000.0,4.9,Yolori
"HP 14 AMD Ryzen 3 3250 8GB 256ssd Vega3 W10 14.0 - 8/128","TOLONG BACA DESKRIPSI, JUDUL GABISA DIGANTI, SEMUANYA SESUAI DESKRIPSI DAN GAMBAR!!!

SPESIFIKASI:
HP 14 RYZEN 3 3200 8GB 256GB VEGA3 W10 14.0

** Processor : AMD Ryzen 3 3200
** VGA : AMD Radeon Vega 3
** Memory : 8GB DDR4 SDRAM
** Storage : 128 SSD / 256GB ( 128GB SSD + 128GB SDCARD ) / 512GB SSD
** Display : 14"" diagonal HD SVA BrightView WLED backlit (1366 x 768)
** OS : Windows 10
** Network : WIFI + Bluetooth

Port:

1 x USB-C 3.1
2 x USB 3.1
1 x HDMI
1 x RJ-45

Kelengkapan :

- FREE MOUSE
- TAS
- LAPTOP
- DUS
- KARTU GARANSI
- CHARGER

GARANSI :

- Garansi DISTRIBUTOR 1 TAHUN
- Garansi Toko 3 Hari (Rusak Ganti unit baru) apabila ada kerusakan yg diakibatkan cacat pabrik
- Barang 100% Baru dan Bergaransi","https://images.tokopedia.net/img/cache/500-square/VqbcmM/2021/12/3/e68f83a3-68e3-4a6d-891a-f23c7988c340.jpg.webp?ect=4g",6599000.0,4.8,"Gaming Laptop ID"
"Laptop Asus Vivobook F412DA Ryzen 3 3250 8GB 256ssd Vega3 W10 14.0FHD - NON PAKET","Asus Vivobook F412DA Ryzen 3 3250 8GB 256ssd Vega3 W10 14.0FHD

Processor : AMD Ryzen 3 3250U Processor (4MB Cache, Up to 3.5GHz)
VGA : AMD Radeon Vega 3 graphics
RAM : 8GB DDR4
Memori : 256GB NVMe M.2 PCIe SSD
Layar : 14.0FHD


GARANSI DISTRIBUTOR 1 TAHUN
GARANSI TOKO 3 HARI","https://images.tokopedia.net/img/cache/500-square/VqbcmM/2021/10/6/95785c86-0a2a-4cac-a64c-a0c8cb22ff91.jpg.webp?ect=4g",7299000.0,4.7,"Deca Computer"
"Asus Vivobook L510MA N4020 4GB 128ssd W10+OFF365 1YR 15.6FHD - L510MA 128GB","*JUDUL TIDAK DAPAT DIRUBAH SPESIFIKASI MENGIKUTI DESKRIPSI*
* Budidayakan Membaca Deskripsi Sebelum Membeli *
* Pembelian Dengan Bundling Antigores Lebih Menguntungkan *
* Garansi Distributor 1 Tahun *
* unit Original Bukan Rekondisi / Replika *
* Harga dapat berubah sewaktu-waktu tergantung harga update dari pusat *

- ASUS L410MA N4020 4GB 128GB W10+OFF365 1YR 14.0 FHD BLIT
- L510MA N4020 4GB 128GB W10+OFF365 1YR 15.6FHD NUMPAD BLIT Slim Bezel

- asus l410ma ( 14 Inch ) Resolusi layar Sudah Full HD dan Sudah Backlit keyboard
- asus L510ma ( 15 Inch ) Resolusi layar sudah FULL HD dan Sudah Backlit Keyboard

LINK PEMBELIAN L410MA :
amp;whid=0

Spesifikasi
Intel Celeron N4020 Processor (4M Cache, up to 2.8 GHz)
4GB DDR4 RAM
128GB eMMC Storage
Intel UHD Graphic Card
14.0/15.6"" Full HD (1920*1080) Display with NanoEdge and up to 178 degree viewing angles
Windows 10 Home + Office 356 1 Year

Wi-Fi5 (802.11ac)

Ports :
USB 3.2 Type-C (Gen 1), HDMI, Micro SD connectivity

ANTIVIRUS MCAFEE TOTAL PROTECTION 1 DEVICE (1YEAR+1YEAR)
Lindungi laptop anda dengan promo antivirus McAfee bisa klik link di bawah :



PAKET SCREEN + BODY PROTECTOR -
Apabila ingin melindungi laptop baru anda dari goresan/baret bisa klik link di bawah :


Unit Item ORI :
- Kami menjual unit original (bukan rekondisi/replika).","https://images.tokopedia.net/img/cache/500-square/VqbcmM/2021/8/19/4e47088f-5a03-4bf1-971f-b5665fcd4bfb.jpg.webp?ect=4g",5015000.0,5.0,"Tech Point"
"Lenovo Yoga Slim 7i Carbon i7-1165G7 1TB SSD 16GB Intel Iris Xe 13 QHD","Lenovo Yoga Slim 7i Carbon i7-1165G7 1TB SSD 16GB Intel Iris Xe 13.3"" QHD WIN10+OHS

GARANSI RESMI LENOVO INDONESIA 3 TAHUN + ADP

SKU - WARNA:
82EV0019ID = MOON WHITE

Yoga Slim 7 Carbon 13ITL5
Intel Core i7-1165G7 (4C / 8T, 2.8 / 4.7GHz, 12MB)
Integrated Intel Iris Xe Graphics
Intel SoC Platform
16GB Soldered LPDDR4X-4266
1TB SSD M.2 2280 PCIe 3.0x4 NVMe
13.3"" QHD (2560x1600) Low power IPS 300nits Anti-glare, 100% sRGB, Dolby Vision
Touchscreen: None
WLAN + Bluetooth: 11ax, 2x2 + BT5.1
Monitor Cable: USB-C 3-in-1 Hub
Case Material: Carbon Fiber (Top), Magnesium / Aluminium (Bottom)
Camera: 720p + IR + ToF
Microphone: 2x, Array
Surface Treatment: Painting
Keyboard : Backlit, English
Fingerprint Reader: None
TPM: FW TPM 2.0
Battery: Integrated 50Wh
Power Adapter: 65W USB-C Slim
295.88mm x 208.85mm x 14.25 ~15mm
Start from 966 g
Port: 2 Thunderbolt 4 / USB4Ô£™ 40Gbps (with the function of PD 3.0 and DP 1.4), 1 USB-C 3.2 Gen 2 (with the function of PD 3.0 and DP 1.4),
headphone / microphone combo jack
Windows 10 Home + Office Home and Student 2019","https://images.tokopedia.net/img/cache/500-square/VqbcmM/2021/11/16/fc5a125b-865a-494d-8538-ae7a8a60baf1.jpg.webp?ect=4g",1.8399E7,5.0,"Sinarmulia Sukses Makmur"
"Lenovo yoga slim 7i carbon| i5 1135G7 8GB 512ssd IrisXe +OHS 13.3 QHD - +Pake Antigores","Lenovo yoga slim 7i carbon i5 1135G7 8GB 512ssd IrisXe W10+OHS 13.3 QHD 100srgb TB4 white -2YID

INCLUDE OFFICE HOME STUDENT 2019

Lindungi laptop barumu dengan perlindungan antigores layar dan body.
agar terhindar dari goresan atau kotoran.
pilih varian ""+Pake Antigores"" ya...


Spesifikasi:
Prosesor : Intel Core 11th Gen i5 1135G7
RAM : 8GB LPDDR4x
Storage : 512Gb SSD NVMe
Graphic : Intel Iris Xe Graphics
Display : 13,3 Inch QHD 2560 x 1600 Color Gamut dan kecerahan 100% sRGB 300 Nits, Active Area Ratio 91%.
Network : Wi-Fi 6/Wi-Fi ax, Bluetooth V5
Port : 2x Thunderbolt 4.0
dimensi : 29,69 x 20,89 x 1,42~1,5

Kelengkapan:
- unit Laptop
- adaptor charger
- buku garansi
- Tas/slevecase lenovo
- bpx laptop

GARANSI LENOVO INDONESIA 2 TAHUN
GARANSI TOKO 3 HARI","https://images.tokopedia.net/img/cache/500-square/VqbcmM/2020/11/19/99514ddc-1385-4eab-ac11-b15c7942235e.jpg.webp?ect=4g",1.4899E7,4.9,"Gateway Indonesia Comp"
"Asus Vivobook F412DA AMD Ryzen 3 3250 8GB 256ssd Vega3 W10 14.0FHD - slate grey","spesifikasi :
Powerful AMDRyzen 3 3250U Processor (4MB Cache, Up to 3.5GHz)
8GB DDR4
256GB NVMe M.2 PCIe SSD
AMD Radeon Vega 3
Windows 10 HOME
14.0"" FHD (1920 x 1080) Wide View Anti Glare Display
Backlit Chiclet Keyboard Finger Print Reader
Weight: 1.4kg included 3 cells

Connectivity
USB-C, USB 2.0, HDMI, USB 3.1, USB 3.0

Kelengkapan :
- Unit Laptop
- Charger
- Kartu Garansi
- Box / Dus Laptop
- Tas Laptop
- mouse

GARANSI 1 TAHUN DISTRIBUTOR
- Garansi Toko 3 Hari (Rusak Ganti unit baru) apabila ada kerusakan yg diakibatkan cacat pabrik
- Barang 100% Baru dan Original","https://images.tokopedia.net/img/cache/500-square/VqbcmM/2021/12/23/96c02d3b-24ed-4ef2-8b99-6248d1ced55f.jpg.webp?ect=4g",7299000.0,4.7,"Top Tech"
"Laptop Murah HP 14s Core i3-11154 4GB 256GB SSD WIN10 14"" FHD - NON Bundling","üì¢ KLIK LINK DIBAWAH INI UNTUK UPGRADE RAM DAN PAKET INSTALL APLIKASI :)

https://www.tokopedia.com/agusidstoreapple/etalase/paket-install-dan-upgrade-ram

GRATIS BIAYA PEMASANGAN RAM


Mengenai varian:
Non Bundle = Tidak dapat Bundling
Bundle = Backpack, Mouse Logitech G102, Headset Logitech H111



UNTUK PENJELASAN DETAILNYA ADA DISLIDE PRODUK
BILA KURANG PAHAM BISA CHAT KE PRODUK KONSULTAN KAMI


Setiap pembelian unit di ""AGUS ID STORE"" Official Store
CASHBACK HINGGA 400RB


‚ö†Ô∏èKenapa harus beli laptop di AGUS ID STORE ?

- Produk kami 100% ORIGINAL
- Uang kita kembalikan 2x lipat kalau barang tidak original
- BNIB (Brand New In Box) barang segel
- Kami memiliki TEAM AFTERSALES buat bantu klaim garansi
- Reseller / dropshipper are welcome


üìû Fast Respon WA : *0821 2247 9856

GARANSI:
- Garansi 1 Tahun


SPESIFIKASI PRODUK:
- CPU : Intel¬Æ Core‚Ñ¢ i3-1115G4 (up to 4.1 GHz with Intel¬Æ Turbo Boost Technology, 6 MB L3 cache, 2 cores)
- GPU : Intel¬Æ UHD Graphics
- RAM : 4 GB DDR4 RAM (1 x 4 GB)
- Storage : 256 GB PCIe¬Æ NVMe‚Ñ¢ M.2 SSD
- Display : 14"" diagonal, FHD (1920 x 1080), micro-edge, anti-glare, 250 nits, 45% NTSC
- OS : Windows 10

External ports
1 SuperSpeed USB Type-C¬Æ 5Gbps signaling rate; 2 SuperSpeed USB Type-A 5Gbps signaling rate; 1 HDMI 1.4b; 1 AC smart pin; 1 headphone/microphone combo

‚ö†Ô∏èCEK ETALASE UNTUK LAPTOP DAN PRODUK KATEGORI LAINNYA:","https://images.tokopedia.net/img/cache/500-square/VqbcmM/2021/12/31/8181f0b2-d081-4d44-8c7e-04dd3bc812ac.png.webp?ect=4g",6990000.0,4.9,agusidstoreapple
"DELL Inspiron 14 5406 2in1 Touch i7 1165G7 16GB 512ssd W10 14.0 FHD - 16 gb","Dell Inspiron 14 5406 2IN1 TOUCH i7 1165G7 16GB 512ssd W10 14.0FHD

SPESFIKASI:
Processor Onboard :Intel¬Æ Core‚Ñ¢ i7-1165G7 Processor (12MB Cache, up to 4.7 GHz)
Memori Standar : 8 GB, 3200MHz, DDR4
Tipe Grafis : Intel¬Æ Iris¬Æ Xe Graphics
Display : 14-inch, FHD, 1920 x 1080, 60Hz, touch, Wide Viewing Angle
Hard Disk : 512GB, M.2 PCIe NVMe
Webcam : HD camera with dual-array microphones
Wireless Network :Intel¬Æ Wi-Fi 6 2x2 (Gig+) and Bluetooth 5.1
Audio : Stereo Speaker with MaxxAudio¬Æ Pro

Interfaces :
2x USB 3.2 Gen 1 ports Type A
1x USB 3.2 Gen2 Type-C with DisplayPort
1x headset (headphone and microphone combo) port
1x HDMI 1.4b port


Sistem Operasi : Windows 10 Home
Baterai : 3-cell 40 Whr, ""smart"" lithium ion, ExpressCharge‚Ñ¢
Weight : 1,4Kg

KELENGKAPAN:
UNIT, CHARGER, DUS, NOTA PEMBELIAN, MOUSE KABEL, TAS

Kelengkapan :
- Unit Laptop
- Charger
- Kartu Garansi
- Box / Dus Laptop

GARANSI :
- GARANSI DISTRIBUTOR 1 TH
- Garansi Toko 3 Hari (Rusak Ganti unit baru) apabila ada kerusakan yg diakibatkan cacat pabrik
- Barang 100% Baru dan Original

Tersedia paket laminating body untuk melindungi layar dan body laptop baru agan :","https://images.tokopedia.net/img/cache/500-square/VqbcmM/2021/3/11/ede3e000-dc92-4e9d-bb2e-20c814ab8f63.png.webp?ect=4g",1.3399E7,4.4,"ROGS STORE"
"LAPTOP ASUS A416JA - CORE i5-1035G1 4GB 1TB INTEL UHD14"" FHD OHS W10 - 256GB SSD","A416JA-EK501TS (TRANSPARENT SILVER) HDD 1TB
A416JA-EK502TS (SLATE GREY) HDD 1TB

A416JA-VIPS521 (TRANSPARENT SILVER) SSD 256GB (SOLDOUT)
A416JA-VIPS522 (SLATE GREY) SSD 256GB (READY)

Speksifikasi:
Processor : Intel Core‚Ñ¢ i5-1035G1 (1.0 GHz base frequency, up to 3.6 GHz with Intel¬Æ Turbo Boost Technology, 6MB L3 cache, 4 cores)
Memory : 4 GB LPDDR4 Onboard Memory, 1 x SO-DIMM socket
Storage : 1TB HDD / 256GB SSD NVME
Graphics : Intel UHD Graphics
Display : 14"" FHD (16:9) 1920x1080 IPS LED backlit Doff with 45% NTSC (On selected models)
Optical Drive : NO
Camera : HD Webcam
Audio : ASUS SonicMaster stereo audio system with surround-sound
Networking : Integrated 802.11 AC (2x2) Built-in Bluetooth V4.2
Backlit Keyboard

Slots/Interface :
1x Combo audio jack
1x Type-C USB 3.1 Gen 1
1x Type-A USB 3.1 Gen 1
2x USB 2.0
1 x HDMI

Battery : 3 cells battery 42Whrs
Dimension : 327 x 224.75 x 17.6 mm (WxDxH) (w/ 3cell battery)
Weight : 1.4 kg with Battery
Warranty : Garansi Resmi PT. ASUS Indonesia 2 Tahun
Bonus : Bag ASUS
Operating System : Windows 10 Home + OFICE HOME & STUDENT 2019 ORIGINAL PERMANEN


Silahkan Cek Tersedia Juga Mouse Dan Sofware Kelengkapan Untuk Laptop Agan Dan Sis
1. Laminating Laptop
2. Aksesoris (Mouse / RAM / SSD / Headset)
3. Sofware Office Home Student","https://images.tokopedia.net/img/cache/500-square/VqbcmM/2021/7/21/aad70b95-c32b-4afb-a5ac-7f64a486e125.jpg.webp?ect=4g",9399000.0,4.9,"Protech Computer"
"ASUS VivoBook Flip TP412FA i5-10210U 8GB 512GB 14"" FHD OHS W10 TOUCH","TP412FA-VIPS551 (STAR GREY)
TP412FA-VIPS552 (GALAXY BLUE)

FREE OFFICE HOME & STUDENT 2019 PERMANEN ORIGINAL

- Processor : Intel¬Æ Core‚Ñ¢ i5-10210U Processor 1.6 GHz (6M Cache, up to 4.2 GHz, 4 cores)
- Memory : 8 GB LPDDR4 2400MHz SDRAM Onboard Memory, 1 x SO-DIMM socket
- Storage : 512GB PCIe¬Æ Gen3 x2 SSD M.2
- Graphics : Intel UHD 620
- Display : 14"""" (16:9) LED backlit FHD (1920x1080) 60Hz Glare Touchscreen with 45% NTSC (On selected models) with 178Àö wide-viewing angle display
- Optical Drive : NO
- Operating System : Windows 10 Home
- Keyboard : Backlit Keyboard
- Camera : VGA Web Camera , Mega Pixel Fixed web camera

- Audio :
Built-in Stereo 2 W Speakers And Digital Array Microphone
Support Windows 10 Cortana with Voice
ASUS SonicMaster Premium Technology

- Networking : Wi-Fi 6(802.11ax)+Bluetooth 5.0 (Dual band) 2*2

- Slots/Interface :
1 x COMBO audio jack
1 x Type C USB3.0 (USB3.1 GEN1)
1 x USB 3.0 port(s)
2 x USB 2.0 port(s)
1 x HDMI
1 x Volume up/down

- Battery : 3 Cells 42 Whrs Polymer Battery
- Dimension : 327 x 224.75 x 17.6 mm (WxDxH) (w/ 3cell battery)
- Weight : 1.5 kg with Battery

GARANSI RESMI ASUS INDONESIA 2 TAHUN","https://images.tokopedia.net/img/cache/500-square/VqbcmM/2021/2/24/6237ccc8-5e36-4354-8544-f886b4455744.jpg.webp?ect=4g",1.0829E7,5.0,"Protech Computer"
"Laptop HP 14s-dk1514AU/dk1515AU Ryzen 3 3250U 512GB SSD 8GB Win10+OHS - Gold","Laptop HP 14s-dk1514AU/dk1515AU Ryzen 3 3250U 512GB SSD 8GB Win10+OHS

GARANSI RESMI HP INDONESIA 2 TAHUN

SKU - WARNA:


HP 14s-dk1514AU = SILVER
HP 14s-dk1515AU = GOLD

AMD Ryzen‚Ñ¢ 3 3250U (2.6 GHz base clock, up to 3.5 GHz max boost clock, 4 MB L3 cache, 2 cores)
8 GB DDR4-2400 SDRAM (2 x 4 GB)
512 GB PCIe¬Æ NVMe‚Ñ¢ M.2 SSD
14"" diagonal, FHD (1920 x 1080), IPS, micro-edge, BrightView, 250 nits, 45% NTSC
Graphics: AMD Radeon‚Ñ¢ Graphics
Ports: 1 SuperSpeed USB Type-C¬Æ 5Gbps signaling rate; 2 SuperSpeed USB Type-A 5Gbps signaling rate; 1 HDMI 1.4b; 1 AC smart pin; 1 headphone/microphone combo
Expansion slots: 1 multi-format SD media card reader
Webcam: HP True Vision 720p HD camera with integrated dual array digital microphones
Pointing device: HP Imagepad with multi-touch gesture support; Precision Touchpad Support
Keyboard: Full-size, backlit, natural silver keyboard
Wireless: Realtek RTL8822CE 802.11a/b/g/n/ac (2x2) Wi-Fi¬Æ and Bluetooth¬Æ 5 combo
45 W Smart AC power adapter
3-cell, 41 Wh Li-ion
Dimensions without stand (W x D x H): 32.4 x 22.5 x 1.79 cm
Package dimensions (W x D x H): 6.9 x 48.3 x 30.5 cm
Berat: Starting at 1.47 kg
OS: WINDOWS 10 HOME

BONUS: TAS + OFFICE HOME AND STUDENT 2019","https://images.tokopedia.net/img/cache/500-square/VqbcmM/2021/8/10/4c656f5d-22e0-414e-ab00-5473810aa314.jpg.webp?ect=4g",7999000.0,5.0,"Sinarmulia Sukses Makmur"
"Asus E410MA BV001T | N4020 4GB 512ssd W10 14.0 Backlit - NON PAKET","VERSI TERBARU FREE OFFICE HOME STUDENTS

Display : 14.0"" (16:9) LED-backlit HD (1366x768) Anti-Glare Panel with 45% NTSC
Processor : Intel¬Æ Celeron¬Æ N4020 Processor 1.1 GHz (4M Cache, up to 2.8 GHz)
Memory : 4GB DDR4
Storage : 512GB SSD
Graphics : Intel¬Æ UHD Graphics
Optical Drive : -
Operating System : Windows 10 HOME +OHS 2019
Camera : INTEGRATED
Audio : ASUS SonicMaster Technology
Networking : Wi-Fi 5(802.11ac)
Slots/Interface :

1 x COMBO audio jack
1 x Type-A USB2.0
1 x Type-A USB 3.2 (Gen 1)
1 x Type-C USB 3.2 (Gen 1)
1 x HDMI
1 x micro SD card
Battery : 3 -Cell 42 Wh Battery
Power Adapter :
Output :
19 V DC, 1.75 A, 33 W
Input :
100 -240 V AC, 50/60 Hz universal
System Dimensions : 32.5 x 21.7 x 1.84 cm (WxDxH)
Weight : 1.3 kg
Warranty : 2 tahun garansi hardware global. *berbeda di setiap negara
Bonus : BackPack

NOTE :
- Lindungi Layar dan Body laptopmu dari goresan sebelum terlambat dengan ANTI GORES & BODY PROTECTOR

- Order disini >

#Sebelum order cek testimoni dulu >","https://images.tokopedia.net/img/cache/500-square/VqbcmM/2021/2/1/13526dc1-aeac-4aaf-8047-638ea98ad6dd.jpg.webp?ect=4g",5899000.0,4.9,"Deca Computer"
"Asus Notebook BR1100FKA-BP0410T Celeron N4500 4GB 128GB eMMC","Untuk kenyamanan dalam pembelian, silahkan melakukan konfirmasi terlebih dahulu terkait ketersediaan produk dan harga sebelum melakukan order

Asus Notebook BR1100FKA-BP0410T Celeron N4500 4GB 128GB eMMC

Processor : Intel¬Æ Celeron¬Æ Dual-Core N4500 Processor, (4 M Cache, up to 2.8 GHz)
Ram : 4 GB DDR4 3200MHz SDRAM Onboard memory
Hdd : 128GB eMMC
Operating System : Windows 10 Home
Vga : Integrated Intel UHD Graphics
Display : 11.6‚Ä≥ (16:9) LED-backlit HD (1366√ó768) 60Hz Glare Touchscreen with 50% NTSC

GARANSI RESMI 1 TAHUN

Hormat kami,
Grosiria Official Store

- IG: @grosiria.official
- Telp & WA: 0895395064217
- Email: online@amtech.co.id
- Jam Kerja: 08.30-17.30
- More Products:","https://images.tokopedia.net/img/cache/500-square/VqbcmM/2021/7/28/f45f6815-074f-461c-a6d6-e9ad539e7734.jpg.webp?ect=4g",5599212.0,5.0,"GROSIRIA OFFICIAL STORE"
"LENOVO IDEAPAD SLIM 5i - i5-1135G7 8GB 512GB MX450 2GB 14"" FHD OHS W10","Ideapad 5 14ITL05-XRID : Blue
Ideapad 5 14ITL05-XVID : Graphite Grey
Ideapad 5 14ITL05-XSID : Platinum Grey

Processor Onboard : Intel¬Æ Core‚Ñ¢ i5-1135G7 Processor (8MB Cache, up to 4.2 GHz)
Display : 14"" FHD (1920 x 1080) IPS Anti-Glare 250Nits
Memori Standar : 8 GB DDR4 3200Mhz
Storage : SSD 512GB PCIe¬Æ NVMe‚Ñ¢ M.2 SSD
Tipe Grafis : NVIDIA MX450 2GB Graphics Card
Audio : 2 x 2W stereo speakers with Dolby Audio‚Ñ¢
Webcam : 720p with Privacy shutter
Wireless Network : WIFI 802.11 2x2 AC + Bluetooth 5.0

Interfaces
1x USB 2.0
2x USB 3.2 Gen 1
1x HDMI 1.4b,
1x 4-in-1 media reader (MMC, SD, SDHC, SDXC),
1x headphone / microphone combo jack, AC power adapter jack

Sistem Operasi : Windows 11 Home + Microsoft Office Home And Student 2021
Batery : 3CELL 35WH INTERNAL
Dimensi : 327.1mm x 241mm x 19.9mm
Berat : 1.5 Kg

Colour : Platinum Grey, Graphite Grey, & Abyss Blue
Free : Bag Lenovo

GARANSI 2 Tahun RESMI LENOVO INDONESIA + ADP

Silahkan Cek Tersedia Juga Mouse Dan Sofware Kelengkapan Untuk Laptop Agan Dan Sis
1. Laminating Laptop
2. Aksesoris (Mouse / RAM / SSD / Headset)","https://images.tokopedia.net/img/cache/500-square/VqbcmM/2021/12/4/c9e7d19a-e59c-4b32-a09f-e97a4166c2f1.jpg.webp?ect=4g",1.2899E7,4.8,"Protech Computer"
"Apple Macbook Air 2020 M1 Chip 256GB SSD 8GB GARANSI RESMI IBOX - SILVER","IBOX MGN63ID Apple Macbook Air 2020 13 M1 8C CPU 8GB 256ssd 7C GPU OS X 13.3 GRY
IBOX MGN93ID Apple Macbook Air2020 13 M1 8C CPU 8GB 256ssd 7C GPU OS X 13.3 SLV
IBOX MGND3ID Apple Macbook Air 2020 13 M1 8C CPU 8GB 256ssd 7C GPU OS X 13.3 GLD


SPESIFIKASI :
- Apple M1 chip with 8-core CPU and 7-core GPU
- 16-core Neural Engine
- 8GB unified memory
- 256GB SSD storage
- 13-inch Retina display with True Tone
- Backlit Magic Keyboard - US English
- Touch Bar and Touch ID
- Two Thunderbolt / USB 4 ports

Garansi resmi apple indonesia 1 tahun","https://images.tokopedia.net/img/cache/500-square/VqbcmM/2021/10/25/1bd71ba8-9f9e-4851-9c6d-8a8dcd4204c6.jpg.webp?ect=4g",1.5049E7,5.0,EnVicStore
"ASUS BR1100FKA-BP0410T (N4500/4GB/128GB/11.6 /FLIP&TOUCH/2CAM/W10)","BR1100FKA-BP0410T

Processor : N4500
Memory : 4 GB
STORAGE : SSD 128 EMMC
Display : 11.6""
OS : Win10

Flip + Touch/ 2 CAM/ GREY","https://images.tokopedia.net/img/cache/500-square/VqbcmM/2021/9/25/a0c58a01-5d86-4078-8275-87108674a201.jpg.webp?ect=4g",4995000.0,5.0,"Macro OneStop Official"
"Laptop HP Pavilion 14s cf2075TU Core i3-10110U 4GB 256GB SSD OHS W10 - Non Bundling","cf2075TU kosng SERI PENGGANTINYA cf2517TU / cf2518TU
https://tokopedia.com/distrilapid/laptop-hp-14s-cf2517tu-i3-10110u-ram-4gb-256gb-ssd-14-fhd-ohs-w10

Tersedia warna:
HP 14s i3-cf2518TU GOLD Layar 14"" HD


UPGRADE RAM DAN PAKET INSTAL APLIKASI


BILA KURANG PAHAM BISA CHAT KE PRODUK KONSULTAN KAMI

Setiap pembelian unit di ""DISTRIBUTOR LAPTOP ID"" Official Store
CASHBACK HINGGA 500RB

GRATIS ONGKIR DAN ASURANSI PENGIRIMAN

FAST RESPON WA *0896-8171-3262
Terima reseller dan pembelian dalam jumlah besar
BISA REQUEST FAKTUR PAJAK

#PRODUK#
* Barang BNIB ( Brand New In Box ) NEW ORIGINAL DAN SEGEL
* Garansi RESMI 2 Tahun HP Indonesia [ Garansi kita bantu claim ]
* Garansi Personal 2x24 Jam [ Jika saat barang di terima ada cacat produksi, unit kita ganti baru ]

#DISTRIBUTOR LAPTOP#
- Free Ongkir up to 30rb
- Good Service, Great After Sales
- Free Konsultasi sebelum membeli

SPEK UNIT
- CPU : Intel Core i3-10110U (2.1 GHz base frequency, up to 4.1 GHz)
- GPU : Intel UHD Graphics
- Display : 14"" diagonal, HD micro-edge, BrightView, 250 nits, 45% NTSC
- RAM : 4 GB DDR4-2666 SDRAM (1 x 4 GB)
- Storage : 256 GB PCIe NVMe M.2 SSD
- OS : Windows 10 Home (Upgredable to Windows 11)
- Software : Office Home and Student 2019
- Keyboard : Full-size, backlit, natural silver keyboard
- Port
1 USB Type-C
2 USB Type-A
1 HDMI 1.4b
1 AC smart pin
1 headphone Jack
1 multi-format SD media card reader","https://images.tokopedia.net/img/cache/500-square/VqbcmM/2021/9/22/d4aa9700-b1f4-419b-aec3-c2fb5832f343.jpg.webp?ect=4g",6999000.0,5.0,"Distributor Laptop ID"
"LENOVO IDEAPAD D330 N4020U 8GB 128GB 10.1""TOUCHSCREEN WIN10 - 0MID - 128GB","GARANSI LENOVO INDONESIA 1 TAHUN

Spesifikasi Laptop Lenovo :
- Prosessor Intel¬Æ Celeron¬Æ N4020
- Memory 8 GB DDR4L onboard
- Storage 128 GB Onboard
- Grafis Intel¬Æ Integrated Graphics
- Layar 10.1‚Äù, FHD (1920 x 1200) IPS, touchscreen
Detail OS : Windows 10 PRO
- Audio Dolby Premium Audio
- Networking
802.11ac 1x1
Wireless
Bluetooth4.0
- Interface
USB-C 3.1
2x USB 2.0 (on dock)
Micro SD (optional)
Combo Audio
- Baterai Up to 13 hours, based on MobileMark¬Æ 2014 tests
- Dimensi Produk
Tablet: 249 mm x 178 mm x 9.5 mm / 9.8"""" x 7.0"""" x 0.4"""" Docking: 249 mm x 186 mm x 8.5mm / 9.8"""" x 7.3"""" x 0.3
- Berat
Tablet: Starting from 594 g / 1.3 lb Docking: Starting from 512 g / 1.1 lb

Kelengkapan :
- Unit Laptop
- Charger
- Kartu Garansi / Buku Manual
- Box / Dus Laptop","https://images.tokopedia.net/img/cache/500-square/VqbcmM/2021/7/8/8c38f2b1-4270-44bf-be17-92f804a17f71.jpg.webp?ect=4g",4799000.0,4.9,"WE iTech"
"Laptop Lenovo Thinkpad X230 Core i3 - Second Murah Bergaransi - 4 gb, HDD 320GB","Untuk Ketersediaan Barang, Langsung Chat Ke Penjual

(Bisa Request Upgrade atau Downgrade, harga akan di sesuaikan sesuai request pembeli)



SPEC:
- Intel Core i3 Gen 3
- RAM 4 GB
- HDD 320GB
- VGA Intel HD Graphics
- Wifi
- PORT : USB , VGA Port, LAN, HDMI Mini Port, Jack Audio, Card-Reader, Webcam
- Layar 12 inch
- Windows & Apps Ready (Siap Pakai, Office & Browser Sudah Ter-Install)

Kondisi Barang :
- Laptop sudah terinstall aplikasi standard (Office, Browser, Media Player) jadi tinggal pakai aja
- Kondisi Fisik 90% (Harap maklum unit yang kami jual adalah unit second, Wajar kalau ada Baret Ekspetasi jangan seperti baru,)
- Hardware (mesin) sudah ditest oleh team QC (Quality Control) dengan sangat ketat, semua masih berfungsi dan berjalan dengan baik
- Baterai minimal 45 menit - 1 jam'n Running Youtube (tergantung pemakaian)


Kelengkapan Barang :
- Laptop
- Baterai
- Charger/ Adaptor
- Kabel Power

CARA CLAIM GARANSI
- Garansi yang diberikan merupakan GARANSI TOKO
- Berlaku selama 30 hari, dari tanggal pembelian.
- Untuk claim garansi, silakan chat / hubungi kita

Syarat dan Ketentuan Claim Garansi
- Saat Konfirmasi Terima Barang Memberikan Penilaian PUAS / SMILE :)
- Memberikan Bintang 5 Dan Ulasan Positif
- Garansi Dianggap VOID / Tidak Berlaku Jika Memberikan Ulasan Negatif serta segel rusak

SERTAKAN LINK INI UTK PEMBELIAN DENGAN TAS LAPTOP & MOUSE WIRELLES YAA

LINK MOUSE WIRELLES


LINK TAS SLEMPANG



BUAT AGAN YANG BERADA DI LUAR DAERAH , PACKING AKAN MENGGUNAKAN BUBBLE WRAP DAN DUS TEBAL (BISA TAMBAH EXTRA BUBBLE / PACKING KAYU

LINKU UNTUK PACKING KAYU


LINK UNTUK EXTRA BUBBLE","https://images.tokopedia.net/img/cache/500-square/VqbcmM/2021/4/29/79968cce-a928-46b8-8b6a-cb97ad490e8f.jpg.webp?ect=4g",2499000.0,4.8,"Apollo Notbook"
"ASUS A516JAO-VIPS353+ I3-1005G1 4GB 512GB SSD FHD IPS WIN10 OHS GREY","Windows 10 Home + Office Home and Student 2019 included
15.6-inch, LED Backlit, 250nits, FHD (1920 x 1080) 16:9, Anti-glare display, NTSC: 45%, 83 ÔºÖ, IPS-level Panel
Intel¬Æ Core‚Ñ¢ i3-1005G1 Processor 1.2 GHz (4M Cache, up to 3.4 GHz, 2 cores)
Intel¬Æ UHD Graphics
Expansion slot:
""Upgradable
Need to remove bottom/top case""
""1x DDR4 SO-DIMM slot
1x M.2 2280 PCIe 3.0x2
1x STD 2.5‚Äù SATA HDD""

4GB DDR4 on board
512GB M.2 NVMe‚Ñ¢ PCIe¬Æ SSD with 32GB Intel¬Æ Optane‚Ñ¢ Memory
HDD housing for storage expansion""
VGA camera
Wi-Fi 5(802.11ac)+Bluetooth 4.1 (Dual band) 1*1
FingerPrint
I/O Port:
1x HDMI 1.4
1x 3.5mm Combo Audio Jack//1x USB 3.2 Gen 1 Type-A
1x USB 3.2 Gen 1 Type-C
2x USB 2.0 Type-A//N/A""

""SonicMaster
Audio by ICEpower¬Æ
Built-in speaker
Built-in microphone//N/A""
with Cortana support
√∏4.0, 45W AC Adapter, Output: 19V DC, 2.37A, 45W, Input: 100~240V AC 50/60Hz universal
37WHrs, 2S1P, 2-cell Li-ion
Backlit Chiclet Keyboard with Num-key
36.02 x 23.49 x 1.99 ~ 1.99 cm
1.80 kg

""BIOS Booting User Password Protection
Trusted Platform Module (Firmware TPM)
McAfee LiveSafe‚Ñ¢ 30-day trial
Security Lock""","https://images.tokopedia.net/img/cache/500-square/VqbcmM/2021/9/23/b5f2602c-a4ec-418b-97b2-2dbd46b19a08.jpg.webp?ect=4g",7999000.0,5.0,"Vicmic Indonesia"
"LENOVO THINKPAD X250 INTEL CORE i5 GEN 5 - RAM 8GB - SSD 180GB - 12"" - 4 gb, HDD 500GB","Lenovo Thinkpad X250 i5 Masuk Lagi Gan,Silahkan Diorder Sebelum Kehabisan
=========================
-Intel Core i5-5200u @ 2,2Ghz
-Memory DDR3 4GB - 8GB
-HDD 320GB - SSD 256GB
-Layar 12 Inch ( 1366 x 768 )
-Intel HD Graphics 5500
-Wifi
-Webcam
-Port Usb
-Port Lan Card
-Port VGA
-THUNDERBOLT
=========================
-OS: WIN 10 PRO 64 bit ( ACTIVATED )
-S/W: Mozilla, Office, Winamp, Klite, PDF, VLC ( Standart Pemakaian Kantor, Rumahan )
==========================
-BATERAI: Estimasi 1-2 Jam Tergantung Pemakaian
-KONDISI: Baret Pemakaian Wajar ( Harap Maklum Ini Barang Second,Ekspektasi Jangan Seperti Baru )
-Hardware Good Tes -
===========================
-KELENGKAPAN: Unit + Adaptor + Tas
-Buat Daerah Jakarta Dan Sekitarnya Kalo Ada Gosend Pilih Gosend Aja Biar Cepat
-Buat Yang Berada Di Luar Daerah, Packingan Akan Menggunakan Bubble Wrap Tebal Dijamin Aman Sampai Tujuan
============================
GARANSI PERSONAL :
-1 BULAN Setelah Terima Barang,Dengan Syarat Dibawah Ini
*Saat Konfirmasi Terima Barang Memberikan Penilaian PUAS / SMILE :)
*Memberikan Bintang Dan Ulasan Positif
-Bagi Yang Claim Garansi Silahkan Chat Kita
-Garansi Dianggap VOID / Tidak Berlaku Jika Memberikan Ulasan Negatif
===============================
Terimakasih Sudah Order Ditoko Kami
Happy Shopping","https://images.tokopedia.net/img/cache/500-square/VqbcmM/2021/4/28/30db3aa8-cd98-410c-85a7-c4f0c0ecbb84.jpg.webp?ect=4g",3350000.0,4.9,"DNA COM 14"
"Dell XPS 9365 Core i7 7th Touchscreen / Win 10 Ori/ 2 in 1/ Segeeeeeer","Dell XPS 9365, Laptop 2 in 1 Convertible
* WINDOWS 10 PRO ORIGINAL TERAKTIVASI, BUKAN CRACK

‚öôÔ∏è‚öôÔ∏è Spesifikasi:
‚úîÔ∏è Intel Core i7 7y75
‚úîÔ∏è Ram 16 GB
‚úîÔ∏è SSD 256 GB NVME
‚úîÔ∏è Keyboard US Backlight
‚úîÔ∏è Intel Graphics 640
‚úîÔ∏è Webcam, Wifi, FIngerPrint
‚úîÔ∏è USB C, JackAudio, SD Card Reader
‚úîÔ∏è Layar 13.3"" inch IPS (resolusi 1920 x 1080)
‚úîÔ∏è Windows 10 Pro 64 bit Original (BUKAN CRACK)

Kabel Power Laptop standar Luar Negeri, harap ditambahkan ke belanjaan jika perlu


Kenapa berbelanja di Brankas Laptop? üõíüõí
‚úÖ Barang yang dijual sudah melewati proses QC yang ketat dan DIJAMIN 100% ORIGINAL dan Berfungsi dengan NORMAL
‚úÖ Aplikasi standar kantor/sekolah/pribadi sudah terinstall, tinggal pakai
‚úÖ Garansi standar 2 minggu, jika kasih ulasan/review positif maka garansi ditambah 2 minggu lagi jadi sebulan
‚úÖ Pengiriman menggunakan bubble wrap aman dari guncangan, hujan tanpa biaya tambahan
‚úÖ Setiap pembelian mendapatkan bonus tas
‚úÖ Kelengkapan unit + charger + tas","https://images.tokopedia.net/img/cache/500-square/VqbcmM/2021/12/20/7a2507bd-2748-4764-a0cb-8c6dfca9151f.png.webp?ect=4g",9975000.0,0.0,"Brankas Laptop"
"Laptop Toshiba portege Z30B - corei5 5300u - RAM 8GB - SSD 256GB - cam - SSD 128GB","Laptop Toshiba portege Z30B / R63
( Slim dan Elegan )

sudah corei5 generasi 5..

spek:
- proc corei5 5300u 2.3 Ghz Haswell
- Ram 8GB DDR3L
- SSD dapat pilih di varian
- VGA INTEL HD 5500
- cam
- wifi
- port HDMI
- port Usb 3.0
- port LAN
- Layar 13.3 inch widescreen
- Windows 10 pro 64bit siap pakai

kelengkapan:
- laptop
- charger
- tas

kondisi barang:
+ 90% MULUS sisa nya bekas pemakaian
+ 100% Original Branded Toshiba
+ baterai normal (2-3jam)
+ Belum pernah di Service
+ Semua berfungsi normal
+ No error running windows

NB: Garansi personal 1bulan

*Jabodetabek bisa gosend
*Untuk Jarak jauh bisa dikirim dengan packingan aman. (bubblewrap dan kardus).

ayo di order ..STOCK Terbatas..
Reseller..ecer..grosir..WELCOME..

Jangan ragu untuk bertanya atau order.

Terima kasih.

Wa : 085214918877","https://images.tokopedia.net/img/cache/500-square/VqbcmM/2020/10/31/ee983d8c-b203-4912-aa56-5470cedb98bc.jpg.webp?ect=4g",3899000.0,4.8,RevoComp
